t_mono,phase,n1_vel,n2_vel,n1_pos,n2_pos
104054.742696095,engage,,,,
104054.7635142,engage,,,,
104054.783692223,engage,,,,
104054.803839781,engage,,,,
104054.824014763,engage,,,,
104054.844152497,engage,,,,
104054.864577054,engage,,,-54125416,-71085975
104054.88477991,engage,,,-54125416,-71085975
104054.904920619,engage,,,-54125416,-71085975
104054.925063376,engage,,,-54125416,-71085975
104054.945206774,engage,,,-54125416,-71085975
104054.965325019,engage,,,-54125416,-71085975
104054.985449248,engage,,,-54125416,-71085975
104055.005586693,engage,,,-54125416,-71085975
104055.025724523,engage,,,-54125416,-71085975
104055.045853296,engage,,,-54125416,-71085975
104055.065957332,engage,,,-54125416,-71085975
104055.086083609,engage,,,-54125416,-71085975
104055.106439013,engage,,,-54125416,-71085975
104055.126585162,engage,,,-54125416,-71085975
104055.146681167,engage,,,-54125416,-71085975
104055.1668229,engage,,,-54125416,-71085975
104055.187090749,engage,,,-54125416,-71085975
104055.207346438,engage,,,-54125416,-71085975
104055.227490763,engage,,,-54125416,-71085975
104055.247625201,engage,,,-54125416,-71085975
104055.267758454,engage,,,-54125416,-71085975
104055.287890171,engage,,,-54125416,-71085975
104055.308104739,engage,,,-54125416,-71085975
104055.328424205,engage,,,-54125416,-71085975
104055.349009984,engage,,,-54125416,-71085968
104055.369150917,engage,,,-54125416,-71085968
104055.389291083,engage,,,-54125416,-71085968
104055.409414928,engage,,,-54125416,-71085968
104055.429553269,engage,,,-54125416,-71085968
104055.449678714,engage,,,-54125416,-71085968
104055.469806079,engage,,,-54125416,-71085968
104055.489945508,engage,,,-54125416,-71085968
104055.51008321,engage,,,-54125416,-71085968
104055.530222063,engage,,,-54125416,-71085968
104055.550353844,engage,,,-54125416,-71085968
104055.570498586,engage,,,-54125416,-71085968
104055.590990314,engage,,,-54125416,-71085968
104055.611923846,engage,0,0,-54125416,-71085975
104055.632160686,engage,0,0,-54125416,-71085975
104055.652313844,engage,0,0,-54125416,-71085975
104055.67246057,engage,0,0,-54125416,-71085975
104055.692600479,engage,0,0,-54125416,-71085975
104055.712748037,engage,0,0,-54125416,-71085975
104055.732881994,engage,0,0,-54125416,-71085975
104055.753016335,engage,0,0,-54125416,-71085975
104055.773160085,engage,0,0,-54125416,-71085975
104055.793290906,engage,0,0,-54125416,-71085975
104055.813429567,engage,0,0,-54125416,-71085975
104055.833568997,engage,0,0,-54125416,-71085975
104055.853700618,engage,0,0,-54125416,-71085975
104055.874127224,engage,0,0,-54125416,-71085975
104055.894265885,engage,0,0,-54125416,-71085975
104055.914396802,engage,0,0,-54125416,-71085975
104055.934534343,engage,0,0,-54125416,-71085975
104055.954678029,engage,0,0,-54125416,-71085975
104055.974830547,engage,0,0,-54125416,-71085975
104055.994977304,engage,0,0,-54125416,-71085975
104056.015235617,engage,0,0,-54125416,-71085975
104056.035377286,engage,0,0,-54125416,-71085975
104056.055517132,engage,0,0,-54125416,-71085975
104056.075648913,engage,0,0,-54125416,-71085975
104056.096210978,engage,0,0,-54125416,-71085968
104056.11635396,engage,0,0,-54125416,-71085968
104056.136492685,engage,0,0,-54125416,-71085968
104056.156628531,engage,0,0,-54125416,-71085968
104056.176773304,engage,0,0,-54125416,-71085968
104056.196907709,engage,0,0,-54125416,-71085968
104056.217028322,engage,0,0,-54125416,-71085968
104056.237156327,engage,0,0,-54125416,-71085968
104056.257282892,engage,0,0,-54125416,-71085968
104056.277415249,engage,0,0,-54125416,-71085968
104056.29754543,engage,0,0,-54125416,-71085968
104056.318016133,engage,0,0,-54125416,-71085975
104056.338224685,engage,0,0,-54125416,-71085975
104056.358358546,engage,0,0,-54125416,-71085975
104056.378491447,engage,0,0,-54125416,-71085975
104056.398652733,engage,0,0,-54125416,-71085975
104056.418888389,engage,0,0,-54125416,-71085975
104056.439010634,engage,0,0,-54125416,-71085975
104056.459147215,engage,0,0,-54125416,-71085975
104056.479281333,engage,0,0,-54125416,-71085975
104056.499424538,engage,0,0,-54125416,-71085975
104056.519584768,engage,0,0,-54125416,-71085975
104056.540143825,engage,0,0,-54125416,-71085975
104056.560371097,engage,0,0,-54125416,-71085975
104056.580487998,engage,0,0,-54125416,-71085975
104056.600595203,engage,0,0,-54125416,-71085975
104056.620738376,engage,0,0,-54125416,-71085975
104056.640871757,engage,0,0,-54125416,-71085975
104056.66100821,engage,0,0,-54125416,-71085975
104056.681157464,engage,0,0,-54125416,-71085975
104056.701293565,engage,0,0,-54125416,-71085975
104056.721423874,engage,0,0,-54125416,-71085975
104056.742135992,fwd,0,0,-54125416,-71085975
104056.763935502,fwd,0,0,-54125416,-71085975
104056.784140277,fwd,0,0,-54125416,-71085975
104056.804276922,fwd,0,0,-54125416,-71085975
104056.824424736,fwd,0,0,-54125416,-71085975
104056.844587974,fwd,0,0,-54125416,-71085975
104056.864717899,fwd,0,0,-54125416,-71085975
104056.884871665,fwd,0,0,-54125416,-71085975
104056.90500719,fwd,0,0,-54125416,-71085975
104056.925497989,fwd,0,0,-54125416,-71085975
104056.94583864,fwd,0,0,-54125416,-71085975
104056.965961525,fwd,0,0,-54125416,-71085975
104056.986397219,fwd,-625,-719,-54146846,-71107772
104057.006537416,fwd,-625,-719,-54146846,-71107772
104057.026668622,fwd,-625,-719,-54146846,-71107772
104057.046800915,fwd,-625,-719,-54146846,-71107772
104057.06693532,fwd,-625,-719,-54146846,-71107772
104057.087069085,fwd,-625,-719,-54146846,-71107772
104057.107206306,fwd,-625,-719,-54146846,-71107772
104057.127345192,fwd,-625,-719,-54146846,-71107772
104057.147475821,fwd,-625,-719,-54146846,-71107772
104057.167604114,fwd,-625,-719,-54146846,-71107772
104057.187746679,fwd,-625,-719,-54146846,-71107772
104057.208158628,fwd,-1345,-1351,-54178362,-71139366
104057.228295625,fwd,-1345,-1351,-54178362,-71139366
104057.248434607,fwd,-1345,-1351,-54178362,-71139366
104057.268567028,fwd,-1345,-1351,-54178362,-71139366
104057.288699033,fwd,-1345,-1351,-54178362,-71139366
104057.308862111,fwd,-1345,-1351,-54178362,-71139366
104057.32900026,fwd,-1345,-1351,-54178362,-71139366
104057.34914673,fwd,-1345,-1351,-54178362,-71139366
104057.369290031,fwd,-1345,-1351,-54178362,-71139366
104057.389451285,fwd,-1345,-1351,-54178362,-71139366
104057.409601787,fwd,-1345,-1351,-54178362,-71139366
104057.430034953,fwd,-1243,-1242,-54208220,-71169152
104057.450173454,fwd,-1243,-1242,-54208220,-71169152
104057.470368213,fwd,-1243,-1242,-54208220,-71169152
104057.49051113,fwd,-1243,-1242,-54208220,-71169152
104057.510641503,fwd,-1243,-1242,-54208220,-71169152
104057.530878311,fwd,-1243,-1242,-54208220,-71169152
104057.551009612,fwd,-1243,-1242,-54208220,-71169152
104057.571129393,fwd,-1243,-1242,-54208220,-71169152
104057.591264758,fwd,-1243,-1242,-54208220,-71169152
104057.611401756,fwd,-1243,-1242,-54208220,-71169152
104057.631531361,fwd,-1243,-1242,-54208220,-71169152
104057.651953518,fwd,-1228,-1238,-54237731,-71198781
104057.67233129,fwd,-1228,-1238,-54237731,-71198781
104057.692481632,fwd,-1228,-1238,-54237731,-71198781
104057.712621061,fwd,-1228,-1238,-54237731,-71198781
104057.732758571,fwd,-1228,-1238,-54237731,-71198781
104057.753473888,stop1,-1228,-1238,-54237731,-71198781
104057.77361879,stop1,-1228,-1238,-54237731,-71198781
104057.793760683,stop1,-1228,-1238,-54237731,-71198781
104057.814013012,stop1,-1228,-1238,-54237731,-71198781
104057.834148985,stop1,-1228,-1238,-54237731,-71198781
104057.854275326,stop1,-1228,-1238,-54237731,-71198781
104057.874703084,stop1,-1217,-1227,-54261900,-71222236
104057.894844945,stop1,-1217,-1227,-54261900,-71222236
104057.915392738,stop1,-1217,-1227,-54261900,-71222236
104057.935625002,stop1,-1217,-1227,-54261900,-71222236
104057.955761679,stop1,-1217,-1227,-54261900,-71222236
104057.975918101,stop1,-1217,-1227,-54261900,-71222236
104057.996150717,stop1,-1217,-1227,-54261900,-71222236
104058.016368804,stop1,-1217,-1227,-54261900,-71222236
104058.036512586,stop1,-1217,-1227,-54261900,-71222236
104058.056646895,stop1,-1217,-1227,-54261900,-71222236
104058.076765908,stop1,-1217,-1227,-54261900,-71222236
104058.097134943,stop1,116,146,-54259325,-71220368
104058.117274341,stop1,116,146,-54259325,-71220368
104058.137411146,stop1,116,146,-54259325,-71220368
104058.157548943,stop1,116,146,-54259325,-71220368
104058.177736246,stop1,116,146,-54259325,-71220368
104058.198039168,stop1,116,146,-54259325,-71220368
104058.218173957,stop1,116,146,-54259325,-71220368
104058.238307594,stop1,116,146,-54259325,-71220368
104058.258437679,stop1,116,146,-54259325,-71220368
104058.278571316,stop1,116,146,-54259325,-71220368
104058.298704217,stop1,116,146,-54259325,-71220368
104058.319097126,stop1,-13,-5,-54259403,-71220192
104058.340631027,stop1,-13,-5,-54259403,-71220192
104058.360776921,stop1,-13,-5,-54259403,-71220192
104058.38090819,stop1,-13,-5,-54259403,-71220192
104058.401035683,stop1,-13,-5,-54259403,-71220192
104058.42116564,stop1,-13,-5,-54259403,-71220192
104058.441301325,stop1,-13,-5,-54259403,-71220192
104058.461435538,stop1,-13,-5,-54259403,-71220192
104058.481566935,stop1,-13,-5,-54259403,-71220192
104058.501811199,stop1,-13,-5,-54259403,-71220192
104058.521953029,stop1,-13,-5,-54259403,-71220192
104058.542394419,stop1,2,0,-54259371,-71220192
104058.56254364,stop1,2,0,-54259371,-71220192
104058.582672157,stop1,2,0,-54259371,-71220192
104058.602860484,stop1,2,0,-54259371,-71220192
104058.623000425,stop1,2,0,-54259371,-71220192
104058.643446487,stop1,2,0,-54259371,-71220192
104058.663578556,stop1,2,0,-54259371,-71220192
104058.683722434,stop1,2,0,-54259371,-71220192
104058.703863847,stop1,2,0,-54259371,-71220192
104058.723995276,stop1,2,0,-54259371,-71220192
104058.744139601,stop1,2,0,-54259371,-71220192
104058.764574047,stop1,0,0,-54259371,-71220198
104058.784724165,stop1,0,0,-54259371,-71220198
104058.804874058,stop1,0,0,-54259371,-71220198
104058.82501976,stop1,0,0,-54259371,-71220198
104058.845163061,stop1,0,0,-54259371,-71220198
104058.865260025,stop1,0,0,-54259371,-71220198
104058.885393598,stop1,0,0,-54259371,-71220198
104058.905527331,stop1,0,0,-54259371,-71220198
104058.92566372,stop1,0,0,-54259371,-71220198
104058.94581915,stop1,0,0,-54259371,-71220198
104058.965955699,stop1,0,0,-54259371,-71220198
104058.986339103,stop1,0,0,-54259371,-71220198
104059.006475717,stop1,0,0,-54259371,-71220198
104059.026613578,stop1,0,0,-54259371,-71220198
104059.046751695,stop1,0,0,-54259371,-71220198
104059.066888436,stop1,0,0,-54259371,-71220198
104059.087022905,stop1,0,0,-54259371,-71220198
104059.10716403,stop1,0,0,-54259371,-71220198
104059.127305828,stop1,0,0,-54259371,-71220198
104059.14755598,stop1,0,0,-54259371,-71220198
104059.167692273,stop1,0,0,-54259371,-71220198
104059.18782495,stop1,0,0,-54259371,-71220198
104059.207961659,stop1,0,0,-54259371,-71220198
104059.228389641,stop1,0,0,-54259371,-71220198
104059.248537902,stop1,0,0,-54259371,-71220198
104059.268673651,stop1,0,0,-54259371,-71220198
104059.288813209,stop1,0,0,-54259371,-71220198
104059.308948062,stop1,0,0,-54259371,-71220198
104059.329082627,stop1,0,0,-54259371,-71220198
104059.349212872,stop1,0,0,-54259371,-71220198
104059.369348973,stop1,0,0,-54259371,-71220198
104059.389492626,stop1,0,0,-54259371,-71220198
104059.409635511,stop1,0,0,-54259371,-71220198
104059.429771645,stop1,0,0,-54259371,-71220198
104059.450185994,stop1,0,0,-54259371,-71220198
104059.470322511,stop1,0,0,-54259371,-71220198
104059.490464948,stop1,0,0,-54259371,-71220198
104059.510600249,stop1,0,0,-54259371,-71220198
104059.530764799,stop1,0,0,-54259371,-71220198
104059.550904324,stop1,0,0,-54259371,-71220198
104059.571042826,stop1,0,0,-54259371,-71220198
104059.591191311,stop1,0,0,-54259371,-71220198
104059.611327796,stop1,0,0,-54259371,-71220198
104059.631475834,stop1,0,0,-54259371,-71220198
104059.651612607,stop1,0,0,-54259371,-71220198
104059.672118543,stop1,0,0,-54259371,-71220198
104059.692257972,stop1,0,0,-54259371,-71220198
104059.712426298,stop1,0,0,-54259371,-71220198
104059.732563711,stop1,0,0,-54259371,-71220198
104059.754331987,stop1,0,0,-54259371,-71220198
104059.776176938,bwd,0,0,-54259371,-71220198
104059.796493236,bwd,0,0,-54259371,-71220198
104059.816640473,bwd,0,0,-54259371,-71220198
104059.836784959,bwd,0,0,-54259371,-71220198
104059.856926948,bwd,0,0,-54259371,-71220198
104059.877078986,bwd,0,0,-54259371,-71220198
104059.897508279,bwd,0,0,-54254462,-71214739
104059.917654237,bwd,0,0,-54254462,-71214739
104059.937786561,bwd,0,0,-54254462,-71214739
104059.957926695,bwd,0,0,-54254462,-71214739
104059.97806622,bwd,0,0,-54254462,-71214739
104059.998202225,bwd,0,0,-54254462,-71214739
104060.018336278,bwd,0,0,-54254462,-71214739
104060.038475131,bwd,0,0,-54254462,-71214739
104060.058648865,bwd,0,0,-54254462,-71214739
104060.078786278,bwd,0,0,-54254462,-71214739
104060.098925675,bwd,0,0,-54254462,-71214739
104060.119353945,bwd,1317,1290,-54224847,-71185182
104060.139562112,bwd,1317,1290,-54224847,-71185182
104060.159701605,bwd,1317,1290,-54224847,-71185182
104060.179846379,bwd,1317,1290,-54224847,-71185182
104060.199980976,bwd,1317,1290,-54224847,-71185182
104060.220132117,bwd,1317,1290,-54224847,-71185182
104060.240267674,bwd,1317,1290,-54224847,-71185182
104060.260413312,bwd,1317,1290,-54224847,-71185182
104060.280558341,bwd,1317,1290,-54224847,-71185182
104060.300698058,bwd,1317,1290,-54224847,-71185182
104060.32078667,bwd,1317,1290,-54224847,-71185182
104060.341225468,bwd,1250,1231,-54194078,-71154584
104060.361376193,bwd,1250,1231,-54194078,-71154584
104060.381518662,bwd,1250,1231,-54194078,-71154584
104060.401652779,bwd,1250,1231,-54194078,-71154584
104060.421790448,bwd,1250,1231,-54194078,-71154584
104060.441890196,bwd,1250,1231,-54194078,-71154584
104060.462031098,bwd,1250,1231,-54194078,-71154584
104060.482168799,bwd,1250,1231,-54194078,-71154584
104060.502299236,bwd,1250,1231,-54194078,-71154584
104060.522709937,bwd,1250,1231,-54194078,-71154584
104060.542840854,bwd,1250,1231,-54194078,-71154584
104060.563291556,bwd,1193,1205,-54165216,-71125578
104060.583451177,bwd,1193,1205,-54165216,-71125578
104060.603594895,bwd,1193,1205,-54165216,-71125578
104060.623731604,bwd,1193,1205,-54165216,-71125578
104060.643867737,bwd,1193,1205,-54165216,-71125578
104060.664760756,bwd,1193,1205,-54165216,-71125578
104060.684890681,bwd,1193,1205,-54165216,-71125578
104060.705027326,bwd,1193,1205,-54165216,-71125578
104060.725179203,bwd,1193,1205,-54165216,-71125578
104060.74614432,bwd,1193,1205,-54165216,-71125578
104060.76671749,bwd,1193,1205,-54165216,-71125578
104060.787489705,stop2,1230,1231,-54135836,-71096225
104060.807727889,stop2,1230,1231,-54135836,-71096225
104060.8280495,stop2,1230,1231,-54135836,-71096225
104060.848191201,stop2,1230,1231,-54135836,-71096225
104060.868326438,stop2,1230,1231,-54135836,-71096225
104060.888466667,stop2,1230,1231,-54135836,-71096225
104060.908603312,stop2,1230,1231,-54135836,-71096225
104060.928758742,stop2,1230,1231,-54135836,-71096225
104060.948900603,stop2,1230,1231,-54135836,-71096225
104060.969036352,stop2,1230,1231,-54135836,-71096225
104060.98948923,stop2,780,680,-54123522,-71084159
104061.009633971,stop2,780,680,-54123522,-71084159
104061.029773369,stop2,780,680,-54123522,-71084159
104061.049902973,stop2,780,680,-54123522,-71084159
104061.07003565,stop2,780,680,-54123522,-71084159
104061.090119814,stop2,780,680,-54123522,-71084159
104061.110273323,stop2,780,680,-54123522,-71084159
104061.130417265,stop2,780,680,-54123522,-71084159
104061.150551734,stop2,780,680,-54123522,-71084159
104061.170688027,stop2,780,680,-54123522,-71084159
104061.191620279,stop2,780,680,-54123522,-71084159
104061.212274026,stop2,-113,-118,-54125554,-71085922
104061.232406511,stop2,-113,-118,-54125554,-71085922
104061.25252354,stop2,-113,-118,-54125554,-71085922
104061.273494673,stop2,-113,-118,-54125554,-71085922
104061.293632726,stop2,-113,-118,-54125554,-71085922
104061.313760667,stop2,-113,-118,-54125554,-71085922
104061.3338872,stop2,-113,-118,-54125554,-71085922
104061.354083142,stop2,-113,-118,-54125554,-71085922
104061.37422798,stop2,-113,-118,-54125554,-71085922
104061.394368817,stop2,-113,-118,-54125554,-71085922
104061.414497302,stop2,-113,-118,-54125554,-71085922
104061.43489197,stop2,0,1,-54125560,-71085909
104061.455253838,stop2,0,1,-54125560,-71085909
104061.47551407,stop2,0,1,-54125560,-71085909
104061.495655579,stop2,0,1,-54125560,-71085909
104061.515791584,stop2,0,1,-54125560,-71085909
104061.535919205,stop2,0,1,-54125560,-71085909
104061.556033834,stop2,0,1,-54125560,-71085909
104061.57616667,stop2,0,1,-54125560,-71085909
104061.596329492,stop2,0,1,-54125560,-71085909
104061.616460153,stop2,0,1,-54125560,-71085909
104061.636588958,stop2,0,1,-54125560,-71085909
104061.657011243,stop2,0,0,-54125560,-71085903
104061.677146736,stop2,0,0,-54125560,-71085903
104061.697283477,stop2,0,0,-54125560,-71085903
104061.717423162,stop2,0,0,-54125560,-71085903
104061.737554975,stop2,0,0,-54125560,-71085903
104061.757684996,stop2,0,0,-54125560,-71085903
104061.777813001,stop2,0,0,-54125560,-71085903
104061.797955534,stop2,0,0,-54125560,-71085903
104061.818084115,stop2,0,0,-54125560,-71085903
104061.838218808,stop2,0,0,-54125560,-71085903
104061.859645122,stop2,0,0,-54125560,-71085903
104061.880252149,stop2,0,0,-54125560,-71085903
104061.900385626,stop2,0,0,-54125560,-71085903
104061.920518398,stop2,0,0,-54125560,-71085903
104061.940652547,stop2,0,0,-54125560,-71085903
104061.960791816,stop2,0,0,-54125560,-71085903
104061.980925005,stop2,0,0,-54125560,-71085903
104062.00106293,stop2,0,0,-54125560,-71085903
104062.021196247,stop2,0,0,-54125560,-71085903
104062.041334108,stop2,0,0,-54125560,-71085903
104062.061465953,stop2,0,0,-54125560,-71085903
104062.082991598,stop2,0,0,-54125560,-71085903
104062.103570464,stop2,0,0,-54125560,-71085903
104062.123707109,stop2,0,0,-54125560,-71085903
104062.143842154,stop2,0,0,-54125560,-71085903
104062.163979247,stop2,0,0,-54125560,-71085903
104062.184129524,stop2,0,0,-54125560,-71085903
104062.204270457,stop2,0,0,-54125560,-71085903
104062.224405886,stop2,0,0,-54125560,-71085903
104062.244547171,stop2,0,0,-54125560,-71085903
104062.264713769,stop2,0,0,-54125560,-71085903
104062.284850798,stop2,0,0,-54125560,-71085903
104062.304982163,stop2,0,0,-54125560,-71085903
104062.325739498,stop2,0,0,-54125560,-71085903
104062.345882031,stop2,0,0,-54125560,-71085903
104062.366020084,stop2,0,0,-54125560,-71085903
104062.386160505,stop2,0,0,-54125560,-71085903
104062.406294366,stop2,0,0,-54125560,-71085903
104062.426422531,stop2,0,0,-54125560,-71085903
104062.446551752,stop2,0,0,-54125560,-71085903
104062.466674124,stop2,0,0,-54125560,-71085903
104062.486816337,stop2,0,0,-54125560,-71085903
104062.508147353,stop2,0,0,-54125560,-71085903
104062.528305246,stop2,0,0,-54125560,-71085903
104062.54873662,stop2,0,0,-54125560,-71085903
104062.568859056,stop2,0,0,-54125560,-71085903
104062.589004374,stop2,0,0,-54125560,-71085903
104062.609151067,stop2,0,0,-54125560,-71085903
104062.62928976,stop2,0,0,-54125560,-71085903
104062.649417733,stop2,0,0,-54125560,-71085903
104062.669544681,stop2,0,0,-54125560,-71085903
104062.689688686,stop2,0,0,-54125560,-71085903
104062.70982642,stop2,0,0,-54125560,-71085903
104062.729962008,stop2,0,0,-54125560,-71085903
104062.750103486,stop2,0,0,-54125560,-71085903
104062.770247107,stop2,0,0,-54125560,-71085903
