t_mono,phase,cmd,n1_vel,n2_vel,n1_pos,n2_pos
104743.952881579,engage,,0,0,0,0
104743.952912684,engage,,0,0,0,0
104743.959595334,engage,,0,0,0,0
104743.970032681,engage,,0,0,0,0
104743.980110115,engage,,0,0,0,0
104743.990484644,engage,,0,0,0,0
104744.002704121,engage,,0,0,0,0
104744.013121788,engage,,0,0,0,0
104744.023518558,engage,,0,0,0,0
104744.024292564,engage,,0,0,-54125560,-71085903
104744.034693814,engage,,0,0,-54125560,-71085903
104744.039891848,engage,,0,0,-54125560,-71085903
104744.050383852,engage,,0,0,-54125560,-71085903
104744.059914134,engage,,0,0,-54125560,-71085903
104744.070556736,engage,,0,0,-54125560,-71085903
104744.08008737,engage,,0,0,-54125560,-71085903
104744.090631856,engage,,0,0,-54125560,-71085903
104744.099981973,engage,,0,0,-54125560,-71085903
104744.11068752,engage,,0,0,-54125560,-71085903
104744.119859008,engage,,0,0,-54125560,-71085903
104744.131522085,engage,,0,0,-54125560,-71085903
104744.14208542,engage,,0,0,-54125560,-71085903
104744.153286277,engage,,0,0,-54125560,-71085903
104744.160267624,engage,,0,0,-54125560,-71085903
104744.171006004,engage,,0,0,-54125560,-71085903
104744.1809002,engage,,0,0,-54125560,-71085903
104744.19137758,engage,,0,0,-54125560,-71085903
104744.200287333,engage,,0,0,-54125560,-71085903
104744.210789354,engage,,0,0,-54125560,-71085903
104744.22039279,engage,,0,0,-54125560,-71085903
104744.231124482,engage,,0,0,-54125560,-71085903
104744.240055387,engage,,0,0,-54125560,-71085903
104744.250530527,engage,,0,0,-54125560,-71085903
104744.260488245,engage,,0,0,-54125560,-71085903
104744.270970874,engage,,0,0,-54125560,-71085903
104744.280379041,engage,,0,0,-54125560,-71085903
104744.290875334,engage,,0,0,-54125560,-71085903
104744.30050373,engage,,0,0,-54125560,-71085903
104744.310990007,engage,,0,0,-54125560,-71085903
104744.320930189,engage,,0,0,-54125560,-71085903
104744.331389009,engage,,0,0,-54125560,-71085903
104744.340053154,engage,,0,0,-54125560,-71085903
104744.350498822,engage,,0,0,-54125560,-71085903
104744.360023888,engage,,0,0,-54125560,-71085903
104744.370663161,engage,,0,0,-54125560,-71085903
104744.380409321,engage,,0,0,-54125560,-71085903
104744.390845388,engage,,0,0,-54125560,-71085903
104744.401801086,engage,,0,0,-54125560,-71085903
104744.401920129,engage,,0,0,-54125560,-71085903
104744.412344484,engage,,0,0,-54125560,-71085903
104744.420201888,engage,,0,0,-54125560,-71085903
104744.430659268,engage,,0,0,-54125560,-71085903
104744.440236015,engage,,0,0,-54125560,-71085903
104744.450722324,engage,,0,0,-54125560,-71085903
104744.459883955,engage,,0,0,-54125560,-71085903
104744.470359,engage,,0,0,-54125560,-71085903
104744.48076873,engage,,0,0,-54125560,-71085903
104744.481524079,engage,,0,0,-54125560,-71085903
104744.49251853,engage,,0,0,-54125560,-71085903
104744.50023769,engage,,0,0,-54125560,-71085903
104744.510699774,engage,,0,0,-54125560,-71085903
104744.52152366,engage,,0,0,-54125560,-71085903
104744.521626031,engage,,0,0,-54125560,-71085903
104744.53207269,engage,,0,0,-54125560,-71085903
104744.54021935,engage,,0,0,-54125560,-71085903
104744.550715035,engage,,0,0,-54125560,-71085903
104744.559836697,engage,,0,0,-54125560,-71085903
104744.570269277,engage,,0,0,-54125560,-71085903
104744.580665407,engage,,0,0,-54125560,-71085903
104744.581407956,engage,,0,0,-54125560,-71085903
104744.592121375,engage,,0,0,-54125560,-71085903
104744.600072797,engage,,0,0,-54125560,-71085903
104744.610522432,engage,,0,0,-54125560,-71085903
104744.61990119,engage,,0,0,-54125560,-71085903
104744.630436972,engage,,0,0,-54125560,-71085903
104744.641104758,engage,,0,0,-54125560,-71085903
104744.642091218,engage,,0,0,-54125560,-71085903
104744.652475923,engage,,0,0,-54125560,-71085903
104744.66017009,engage,,0,0,-54125560,-71085903
104744.670590573,engage,,0,0,-54125560,-71085903
104744.681693507,engage,,0,0,-54125560,-71085903
104744.681792774,engage,,0,0,-54125560,-71085903
104744.692183464,engage,,0,0,-54125560,-71085903
104744.699989954,engage,,0,0,-54125560,-71085903
104744.710487751,engage,,0,0,-54125560,-71085903
104744.72040934,engage,,0,0,-54125560,-71085903
104744.730904513,engage,,0,0,-54125560,-71085903
104744.740169827,engage,,0,0,-54125560,-71085903
104744.75063796,engage,,0,0,-54125560,-71085903
104744.761067627,engage,,0,0,-54125560,-71085903
104744.763722517,engage,,0,0,-54125560,-71085903
104744.774151576,engage,,0,0,-54125560,-71085903
104744.780225377,engage,,0,0,-54125560,-71085903
104744.790714822,engage,,0,0,-54125560,-71085903
104744.800130829,engage,,0,0,-54125560,-71085903
104744.810582641,engage,,0,0,-54125560,-71085903
104744.820279264,engage,,0,0,-54125560,-71085903
104744.830800229,engage,,0,0,-54125560,-71085903
104744.840100521,engage,,0,0,-54125560,-71085903
104744.85059707,engage,,0,0,-54125560,-71085903
104744.85991989,engage,,0,0,-54125560,-71085903
104744.870408855,engage,,0,0,-54125560,-71085903
104744.880857339,engage,,0,0,-54125560,-71085903
104744.891826829,engage,,0,0,-54125560,-71085903
104744.902276048,engage,,0,0,-54125560,-71085903
104744.903052422,engage,,0,0,-54125560,-71085903
104744.913457513,engage,,0,0,-54125560,-71085903
104744.920202149,engage,,0,0,-54125560,-71085903
104744.930667529,engage,,0,0,-54125560,-71085903
104744.939996301,engage,,0,0,-54125560,-71085903
104744.95053906,engage,,0,0,-54125560,-71085903
104744.960040093,engage,,0,0,-54125560,-71085903
104744.970609348,engage,,0,0,-54125560,-71085903
104744.980273554,engage,,0,0,-54125560,-71085903
104744.990717525,engage,,0,0,-54125560,-71085903
104745.000462117,engage,,0,0,-54125560,-71085903
104745.010977067,engage,,0,0,-54125560,-71085903
104745.020077801,engage,,0,0,-54125560,-71085903
104745.030578734,engage,,0,0,-54125560,-71085903
104745.040112376,engage,,0,0,-54125560,-71085903
104745.050592956,engage,,0,0,-54125560,-71085903
104745.06011271,engage,,0,0,-54125560,-71085903
104745.070580074,engage,,0,0,-54125560,-71085903
104745.080087348,engage,,0,0,-54125560,-71085903
104745.090565496,engage,,0,0,-54125560,-71085903
104745.100144644,engage,,0,0,-54125560,-71085903
104745.110572807,engage,,0,0,-54125560,-71085903
104745.120676001,engage,,0,0,-54125560,-71085903
104745.133542184,engage,,0,0,-54125560,-71085903
104745.140343398,engage,,0,0,-54125560,-71085903
104745.150805866,engage,,0,0,-54125560,-71085903
104745.159935241,engage,,0,0,-54125560,-71085903
104745.1703795,engage,,0,0,-54125560,-71085903
104745.17997484,engage,,0,0,-54125560,-71085903
104745.190449948,engage,,0,0,-54125560,-71085903
104745.202803765,engage,,0,0,-54125560,-71085903
104745.202903896,engage,,0,0,-54125560,-71085903
104745.213265145,engage,,0,0,-54125560,-71085903
104745.22132937,engage,,0,0,-54125560,-71085903
104745.231922178,engage,,0,0,-54125560,-71085903
104745.240400527,engage,,0,0,-54125560,-71085903
104745.250889011,engage,,0,0,-54125560,-71085903
104745.259870606,engage,,0,0,-54125560,-71085903
104745.270284753,engage,,0,0,-54125560,-71085903
104745.28106547,engage,,0,0,-54125560,-71085903
104745.281165985,engage,,0,0,-54125560,-71085903
104745.291535426,engage,,0,0,-54125560,-71085903
104745.303337868,engage,,0,0,-54125560,-71085903
104745.303437134,engage,,0,0,-54125560,-71085903
104745.313859825,engage,,0,0,-54125560,-71085903
104745.325000712,engage,,0,0,-54125560,-71085903
104745.335444716,engage,,0,0,-54125560,-71085903
104745.33984183,engage,,0,0,-54125560,-71085903
104745.350681557,engage,,0,0,-54125560,-71085903
104745.360018714,engage,,0,0,-54125560,-71085903
104745.370542463,engage,,0,0,-54125560,-71085903
104745.380714875,engage,,0,0,-54125560,-71085903
104745.391197344,engage,,0,0,-54125560,-71085903
104745.400207196,engage,,0,0,-54125560,-71085903
104745.410639455,engage,,0,0,-54125560,-71085903
104745.420206218,engage,,0,0,-54125560,-71085903
104745.430708687,engage,,0,0,-54125560,-71085903
104745.440033971,engage,,0,0,-54125560,-71085903
104745.450757215,engage,,0,0,-54125560,-71085903
104745.460397612,engage,,0,0,-54125560,-71085903
104745.470875664,engage,,0,0,-54125560,-71085903
104745.481277394,engage,,0,0,-54125560,-71085903
104745.492332263,engage,,0,0,-54125560,-71085903
104745.500102528,engage,,0,0,-54125560,-71085903
104745.510575684,engage,,0,0,-54125560,-71085903
104745.520069933,engage,,0,0,-54125560,-71085903
104745.53055989,engage,,0,0,-54125560,-71085903
104745.540164446,engage,,0,0,-54125560,-71085903
104745.550644227,engage,,0,0,-54125560,-71085903
104745.56043986,engage,,0,0,-54125560,-71085903
104745.570938841,engage,,0,0,-54125560,-71085903
104745.581185943,engage,,0,0,-54125560,-71085903
104745.591677084,engage,,0,0,-54125560,-71085903
104745.600313101,engage,,0,0,-54125560,-71085903
104745.610769105,engage,,0,0,-54125560,-71085903
104745.620302555,engage,,0,0,-54125560,-71085903
104745.630803872,engage,,0,0,-54125560,-71085903
104745.640254312,engage,,0,0,-54125560,-71085903
104745.650909554,engage,,0,0,-54125560,-71085903
104745.660813894,engage,,0,0,-54125560,-71085903
104745.671303979,engage,,0,0,-54125560,-71085903
104745.680909303,engage,,0,0,-54125560,-71085903
104745.691348026,engage,,0,0,-54125560,-71085903
104745.701622905,engage,,0,0,-54125560,-71085903
104745.71211139,engage,,0,0,-54125560,-71085903
104745.71998601,engage,,0,0,-54125560,-71085903
104745.730516192,engage,,0,0,-54125560,-71085903
104745.73991479,engage,,0,0,-54125560,-71085903
104745.75038305,engage,,0,0,-54125560,-71085903
104745.760137947,engage,,0,0,-54125560,-71085903
104745.770607135,engage,,0,0,-54125560,-71085903
104745.780354351,engage,,0,0,-54125560,-71085903
104745.79079797,engage,,0,0,-54125560,-71085903
104745.800576771,engage,,0,0,-54125560,-71085903
104745.811023431,engage,,0,0,-54125560,-71085903
104745.820471311,engage,,0,0,-54125560,-71085903
104745.830975764,engage,,0,0,-54125560,-71085903
104745.840345817,engage,,0,0,-54125560,-71085903
104745.85083747,engage,,0,0,-54125560,-71085903
104745.859880411,engage,,0,0,-54125560,-71085903
104745.87032227,engage,,0,0,-54125560,-71085903
104745.880241683,engage,,0,0,-54125560,-71085903
104745.89067967,engage,,0,0,-54125560,-71085903
104745.900176575,engage,,0,0,-54125560,-71085903
104745.9106481,engage,,0,0,-54125560,-71085903
104745.920125964,engage,,0,0,-54125560,-71085903
104745.930601649,engage,,0,0,-54125560,-71085903
104745.940132347,engage,,0,0,-54125560,-71085903
104745.950565374,engage,,0,0,-54125560,-71085903
104745.959932003,engage,,0,0,-54125560,-71085903
104745.970491114,fwd,-50.0,0,0,-54125560,-71085903
104745.980099606,fwd,-50.0,0,0,-54125560,-71085903
104745.990557754,fwd,-50.0,0,0,-54125560,-71085903
104746.000174407,fwd,-50.0,0,0,-54125560,-71085903
104746.010643627,fwd,-50.0,0,0,-54125560,-71085903
104746.020183157,fwd,-50.0,0,0,-54125560,-71085903
104746.030652633,fwd,-50.0,0,0,-54125560,-71085903
104746.039863483,fwd,-50.0,0,0,-54127107,-71087423
104746.050311518,fwd,-50.0,0,0,-54127107,-71087423
104746.060511163,fwd,-50.0,0,0,-54127107,-71087423
104746.070960543,fwd,-50.0,0,0,-54127107,-71087423
104746.080286819,fwd,-50.0,0,0,-54127107,-71087423
104746.090745863,fwd,-50.0,0,0,-54127107,-71087423
104746.100195055,fwd,-50.0,0,0,-54129650,-71090569
104746.110656147,fwd,-50.0,0,0,-54129650,-71090569
104746.120100186,fwd,-50.0,0,0,-54129650,-71090569
104746.13056435,fwd,-50.0,0,0,-54129650,-71090569
104746.142080128,fwd,-50.0,0,0,-54134952,-71095753
104746.142346887,fwd,-50.0,0,0,-54134952,-71095753
104746.152749258,fwd,-50.0,0,0,-54134952,-71095753
104746.159863472,fwd,-50.0,0,0,-54134952,-71095753
104746.170370773,fwd,-50.0,0,0,-54134952,-71095753
104746.180175943,fwd,-50.0,0,0,-54134952,-71095753
104746.190600938,fwd,-50.0,0,0,-54134952,-71095753
104746.200410492,fwd,-50.0,-1092,0,-54142862,-71102811
104746.211117351,fwd,-50.0,-1092,0,-54142862,-71102811
104746.220315208,fwd,-50.0,-1092,0,-54142862,-71102811
104746.230844589,fwd,-50.0,-1092,0,-54142862,-71102811
104746.239901258,fwd,-50.0,-1092,-1129,-54148924,-71109699
104746.250360846,fwd,-50.0,-1092,-1129,-54148924,-71109699
104746.26032618,fwd,-50.0,-1092,-1129,-54148924,-71109699
104746.270881227,fwd,-50.0,-1092,-1129,-54148924,-71109699
104746.28052796,fwd,-50.0,-1092,-1129,-54148924,-71109699
104746.290983196,fwd,-50.0,-1092,-1129,-54148924,-71109699
104746.300133083,fwd,-50.0,-1092,-1129,-54156251,-71117123
104746.310586687,fwd,-50.0,-1092,-1129,-54156251,-71117123
104746.320183595,fwd,-50.0,-1092,-1129,-54156251,-71117123
104746.330740786,fwd,-50.0,-1092,-1129,-54156251,-71117123
104746.340022709,fwd,-50.0,-1092,-1129,-54164193,-71122930
104746.350544283,fwd,-50.0,-1092,-1129,-54164193,-71122930
104746.360020579,fwd,-50.0,-1092,-1129,-54164193,-71122930
104746.370487559,fwd,-50.0,-1092,-1129,-54164193,-71122930
104746.380172854,fwd,-50.0,-1092,-1129,-54164193,-71122930
104746.390626457,fwd,-50.0,-1092,-1129,-54164193,-71122930
104746.400121986,fwd,-50.0,-1311,-1129,-54171382,-71131410
104746.410583975,fwd,-50.0,-1311,-1129,-54171382,-71131410
104746.419954988,fwd,-50.0,-1311,-1129,-54171382,-71131410
104746.430502034,fwd,-50.0,-1311,-1129,-54171382,-71131410
104746.44100684,fwd,-50.0,-1311,-1301,-54177451,-71138272
104746.451484092,fwd,-50.0,-1311,-1301,-54177451,-71138272
104746.460598363,fwd,-50.0,-1311,-1301,-54177451,-71138272
104746.471187778,fwd,-50.0,-1311,-1301,-54177451,-71138272
104746.480321697,fwd,-50.0,-1311,-1301,-54177451,-71138272
104746.490768101,fwd,-50.0,-1311,-1301,-54177451,-71138272
104746.500519957,fwd,-50.0,-1311,-1301,-54182903,-71143777
104746.510937592,fwd,-50.0,-1311,-1301,-54182903,-71143777
104746.51997362,fwd,-50.0,-1311,-1301,-54182903,-71143777
104746.532766649,fwd,-50.0,-1311,-1301,-54182903,-71143777
104746.540644437,fwd,-50.0,-1311,-1301,-54182903,-71143777
104746.551097273,fwd,-50.0,-1311,-1301,-54182903,-71143777
104746.56025196,fwd,-50.0,-1311,-1301,-54192721,-71153666
104746.570740253,fwd,-50.0,-1311,-1301,-54192721,-71153666
104746.580741812,fwd,-50.0,-1311,-1301,-54192721,-71153666
104746.591174103,fwd,-50.0,-1311,-1301,-54192721,-71153666
104746.601337875,fwd,-50.0,-1256,-1301,-54198901,-71158830
104746.611958459,fwd,-50.0,-1256,-1301,-54198901,-71158830
104746.619894265,fwd,-50.0,-1256,-1301,-54198901,-71158830
104746.630368189,fwd,-50.0,-1256,-1301,-54198901,-71158830
104746.640100877,fwd,-50.0,-1256,-1301,-54198901,-71158830
104746.651215811,fwd,-50.0,-1256,-1301,-54198901,-71158830
104746.660027225,fwd,-50.0,-1256,-1250,-54204753,-71165528
104746.670700515,fwd,-50.0,-1256,-1250,-54204753,-71165528
104746.682111522,fwd,-50.0,-1256,-1250,-54204753,-71165528
104746.682209668,fwd,-50.0,-1256,-1250,-54204753,-71165528
104746.69422018,fwd,-50.0,-1256,-1250,-54204753,-71165528
104746.700693704,fwd,-50.0,-1256,-1250,-54211628,-71172435
104746.71113934,fwd,-50.0,-1256,-1250,-54211628,-71172435
104746.720097414,fwd,-50.0,-1256,-1250,-54211628,-71172435
104746.730545802,fwd,-50.0,-1256,-1250,-54211628,-71172435
104746.740860234,fwd,-50.0,-1256,-1250,-54218122,-71179048
104746.751334766,fwd,-50.0,-1256,-1250,-54218122,-71179048
104746.760110435,fwd,-50.0,-1256,-1250,-54218122,-71179048
104746.770547366,fwd,-50.0,-1256,-1250,-54218122,-71179048
104746.779873162,fwd,-50.0,-1256,-1250,-54218122,-71179048
104746.790288621,fwd,-50.0,-1256,-1250,-54218122,-71179048
104746.800750513,fwd,-50.0,-1226,-1250,-54225816,-71185785
104746.81129884,fwd,-50.0,-1226,-1250,-54225816,-71185785
104746.819959337,fwd,-50.0,-1226,-1250,-54225816,-71185785
104746.830472943,fwd,-50.0,-1226,-1250,-54225816,-71185785
104746.83990607,fwd,-50.0,-1226,-1250,-54225816,-71185785
104746.850383867,fwd,-50.0,-1226,-1250,-54225816,-71185785
104746.860098378,fwd,-50.0,-1226,-1238,-54231937,-71192876
104746.870519949,fwd,-50.0,-1226,-1238,-54231937,-71192876
104746.879976725,fwd,-50.0,-1226,-1238,-54231937,-71192876
104746.890402328,fwd,-50.0,-1226,-1238,-54231937,-71192876
104746.900167304,fwd,-50.0,-1226,-1238,-54238203,-71199102
104746.910993686,fwd,-50.0,-1226,-1238,-54238203,-71199102
104746.920038291,fwd,-50.0,-1226,-1238,-54238203,-71199102
104746.93052268,fwd,-50.0,-1226,-1238,-54238203,-71199102
104746.940096355,fwd,-50.0,-1226,-1238,-54238203,-71199102
104746.950573959,fwd,-50.0,-1226,-1238,-54238203,-71199102
104746.959929836,fwd,-50.0,-1226,-1238,-54244841,-71205819
104746.970446162,fwd,-50.0,-1226,-1238,-54244841,-71205819
104746.980016189,stop1,0.0,-1226,-1238,-54244841,-71205819
104746.990581572,stop1,0.0,-1226,-1238,-54244841,-71205819
104747.00139029,stop1,0.0,-1220,-1238,-54252693,-71213160
104747.011878422,stop1,0.0,-1220,-1238,-54252693,-71213160
104747.020064635,stop1,0.0,-1220,-1238,-54252693,-71213160
104747.030559136,stop1,0.0,-1220,-1238,-54252693,-71213160
104747.041670102,stop1,0.0,-1220,-1238,-54252693,-71213160
104747.052188379,stop1,0.0,-1220,-1238,-54252693,-71213160
104747.059899027,stop1,0.0,-1220,-1228,-54257365,-71218265
104747.070362615,stop1,0.0,-1220,-1228,-54257365,-71218265
104747.080683959,stop1,0.0,-1220,-1228,-54257365,-71218265
104747.091363425,stop1,0.0,-1220,-1228,-54257365,-71218265
104747.100087028,stop1,0.0,-1220,-1228,-54260170,-71220427
104747.110593978,stop1,0.0,-1220,-1228,-54260170,-71220427
104747.11992659,stop1,0.0,-1220,-1228,-54260170,-71220427
104747.132226838,stop1,0.0,-1220,-1228,-54260170,-71220427
104747.139803401,stop1,0.0,-1220,-1228,-54260170,-71220427
104747.150306894,stop1,0.0,-1220,-1228,-54260170,-71220427
104747.159977404,stop1,0.0,-1220,-1228,-54261848,-71222282
104747.170540035,stop1,0.0,-1220,-1228,-54261848,-71222282
104747.180651357,stop1,0.0,-1220,-1228,-54261848,-71222282
104747.191089729,stop1,0.0,-1220,-1228,-54261848,-71222282
104747.201098136,stop1,0.0,-87,-1228,-54260911,-71221502
104747.211797891,stop1,0.0,-87,-1228,-54260911,-71221502
104747.220459668,stop1,0.0,-87,-1228,-54260911,-71221502
104747.230905272,stop1,0.0,-87,-1228,-54260911,-71221502
104747.239938228,stop1,0.0,-87,-1228,-54260911,-71221502
104747.2503814,stop1,0.0,-87,-1228,-54260911,-71221502
104747.259771038,stop1,0.0,-87,-46,-54260419,-71220598
104747.27025277,stop1,0.0,-87,-46,-54260419,-71220598
104747.280150998,stop1,0.0,-87,-46,-54260419,-71220598
104747.290623483,stop1,0.0,-87,-46,-54260419,-71220598
104747.299991648,stop1,0.0,-87,-46,-54259056,-71219903
104747.310511174,stop1,0.0,-87,-46,-54259056,-71219903
104747.321269394,stop1,0.0,-87,-46,-54259056,-71219903
104747.331905307,stop1,0.0,-87,-46,-54259056,-71219903
104747.340090624,stop1,0.0,-87,-46,-54259056,-71219903
104747.351161109,stop1,0.0,-87,-46,-54259056,-71219903
104747.359919785,stop1,0.0,-87,-46,-54257968,-71218907
104747.372246113,stop1,0.0,-87,-46,-54257968,-71218907
104747.379885942,stop1,0.0,-87,-46,-54257968,-71218907
104747.390303321,stop1,0.0,-87,-46,-54257968,-71218907
104747.400259343,stop1,0.0,117,-46,-54257824,-71218763
104747.410678002,stop1,0.0,117,-46,-54257824,-71218763
104747.419971509,stop1,0.0,117,-46,-54257824,-71218763
104747.430794531,stop1,0.0,117,-46,-54257824,-71218763
104747.440725208,stop1,0.0,117,-46,-54257824,-71218763
104747.451191901,stop1,0.0,117,-46,-54257824,-71218763
104747.45999301,stop1,0.0,117,83,-54257955,-71218861
104747.470450934,stop1,0.0,117,83,-54257955,-71218861
104747.481912726,stop1,0.0,117,83,-54257955,-71218861
104747.482183614,stop1,0.0,117,83,-54257955,-71218861
104747.49259088,stop1,0.0,117,83,-54257955,-71218861
104747.500120082,stop1,0.0,117,83,-54258106,-71218900
104747.510605431,stop1,0.0,117,83,-54258106,-71218900
104747.520064543,stop1,0.0,117,83,-54258106,-71218900
104747.530536675,stop1,0.0,117,83,-54258106,-71218900
104747.540134767,stop1,0.0,117,83,-54258106,-71218900
104747.55341997,stop1,0.0,117,83,-54258106,-71218900
104747.560094844,stop1,0.0,117,83,-54258139,-71218907
104747.570558304,stop1,0.0,117,83,-54258139,-71218907
104747.58021051,stop1,0.0,117,83,-54258139,-71218907
104747.590669266,stop1,0.0,117,83,-54258139,-71218907
104747.600285886,stop1,0.0,0,83,-54258112,-71218907
104747.610864485,stop1,0.0,0,83,-54258112,-71218907
104747.620262092,stop1,0.0,0,83,-54258112,-71218907
104747.630856244,stop1,0.0,0,83,-54258112,-71218907
104747.639929361,stop1,0.0,0,83,-54258112,-71218907
104747.650545817,stop1,0.0,0,83,-54258112,-71218907
104747.662078747,stop1,0.0,0,0,-54258086,-71218907
104747.672460061,stop1,0.0,0,0,-54258086,-71218907
104747.680271447,stop1,0.0,0,0,-54258086,-71218907
104747.690872607,stop1,0.0,0,0,-54258086,-71218907
104747.700260165,stop1,0.0,0,0,-54258093,-71218907
104747.710868141,stop1,0.0,0,0,-54258093,-71218907
104747.719889289,stop1,0.0,0,0,-54258093,-71218907
104747.73070143,stop1,0.0,0,0,-54258093,-71218907
104747.739856086,stop1,0.0,0,0,-54258093,-71218907
104747.750277305,stop1,0.0,0,0,-54258093,-71218907
104747.76083744,stop1,0.0,0,0,-54258093,-71218907
104747.761826267,stop1,0.0,0,0,-54258099,-71218914
104747.772622185,stop1,0.0,0,0,-54258099,-71218914
104747.780612648,stop1,0.0,0,0,-54258099,-71218914
104747.791018922,stop1,0.0,0,0,-54258099,-71218914
104747.800685368,stop1,0.0,0,0,-54258093,-71218914
104747.811124731,stop1,0.0,0,0,-54258093,-71218914
104747.820084181,stop1,0.0,0,0,-54258093,-71218914
104747.830634556,stop1,0.0,0,0,-54258093,-71218914
104747.839770459,stop1,0.0,0,0,-54258093,-71218914
104747.850185438,stop1,0.0,0,0,-54258093,-71218914
104747.860497853,stop1,0.0,0,0,-54258093,-71218914
104747.870926752,stop1,0.0,0,0,-54258093,-71218914
104747.88029767,stop1,0.0,0,0,-54258093,-71218914
104747.89089339,stop1,0.0,0,0,-54258093,-71218914
104747.900114831,stop1,0.0,0,0,-54258093,-71218914
104747.910573267,stop1,0.0,0,0,-54258093,-71218914
104747.920543945,stop1,0.0,0,0,-54258093,-71218914
104747.9310948,stop1,0.0,0,0,-54258093,-71218914
104747.940639738,stop1,0.0,0,0,-54258093,-71218914
104747.951102814,stop1,0.0,0,0,-54258093,-71218914
104747.960105146,stop1,0.0,0,0,-54258093,-71218914
104747.970642656,stop1,0.0,0,0,-54258093,-71218914
104747.979910658,stop1,0.0,0,0,-54258093,-71218914
104747.99034503,stop1,0.0,0,0,-54258093,-71218914
104747.99997701,stop1,0.0,0,0,-54258093,-71218914
104748.010728415,stop1,0.0,0,0,-54258093,-71218914
104748.019995937,stop1,0.0,0,0,-54258093,-71218914
104748.030520615,stop1,0.0,0,0,-54258093,-71218914
104748.039943374,stop1,0.0,0,0,-54258093,-71218914
104748.050415378,stop1,0.0,0,0,-54258093,-71218914
104748.059758263,stop1,0.0,0,0,-54258093,-71218914
104748.070180538,stop1,0.0,0,0,-54258093,-71218914
104748.080333429,stop1,0.0,0,0,-54258093,-71218914
104748.090778521,stop1,0.0,0,0,-54258093,-71218914
104748.100183743,stop1,0.0,0,0,-54258093,-71218914
104748.110684004,stop1,0.0,0,0,-54258093,-71218914
104748.120124172,stop1,0.0,0,0,-54258093,-71218914
104748.130647442,stop1,0.0,0,0,-54258093,-71218914
104748.141980078,stop1,0.0,0,0,-54258093,-71218914
104748.142080049,stop1,0.0,0,0,-54258093,-71218914
104748.152458322,stop1,0.0,0,0,-54258093,-71218914
104748.160324814,stop1,0.0,0,0,-54258093,-71218914
104748.170818803,stop1,0.0,0,0,-54258093,-71218914
104748.180916365,stop1,0.0,0,0,-54258093,-71218914
104748.191347952,stop1,0.0,0,0,-54258093,-71218914
104748.201698705,stop1,0.0,0,0,-54258093,-71218914
104748.21291201,stop1,0.0,0,0,-54258093,-71218914
104748.219955214,stop1,0.0,0,0,-54258093,-71218914
104748.230457908,stop1,0.0,0,0,-54258093,-71218914
104748.240030751,stop1,0.0,0,0,-54258093,-71218914
104748.250975536,stop1,0.0,0,0,-54258093,-71218914
104748.260240435,stop1,0.0,0,0,-54258093,-71218914
104748.270598644,stop1,0.0,0,0,-54258093,-71218914
104748.280489032,stop1,0.0,0,0,-54258093,-71218914
104748.291142929,stop1,0.0,0,0,-54258093,-71218914
104748.300072843,stop1,0.0,0,0,-54258093,-71218914
104748.311371686,stop1,0.0,0,0,-54258093,-71218914
104748.320424995,stop1,0.0,0,0,-54258093,-71218914
104748.331228464,stop1,0.0,0,0,-54258093,-71218914
104748.339671548,stop1,0.0,0,0,-54258093,-71218914
104748.350148224,stop1,0.0,0,0,-54258093,-71218914
104748.360262779,stop1,0.0,0,0,-54258093,-71218914
104748.371958497,stop1,0.0,0,0,-54258093,-71218914
104748.382781711,stop1,0.0,0,0,-54258093,-71218914
104748.383931407,stop1,0.0,0,0,-54258093,-71218914
104748.395138856,stop1,0.0,0,0,-54258093,-71218914
104748.400183573,stop1,0.0,0,0,-54258093,-71218914
104748.410606232,stop1,0.0,0,0,-54258093,-71218914
104748.420293318,stop1,0.0,0,0,-54258093,-71218914
104748.430857485,stop1,0.0,0,0,-54258093,-71218914
104748.440377463,stop1,0.0,0,0,-54258093,-71218914
104748.450909981,stop1,0.0,0,0,-54258093,-71218914
104748.459960953,stop1,0.0,0,0,-54258093,-71218914
104748.470619907,stop1,0.0,0,0,-54258093,-71218914
104748.481029637,stop1,0.0,0,0,-54258093,-71218914
104748.49151553,stop1,0.0,0,0,-54258093,-71218914
104748.500524422,stop1,0.0,0,0,-54258093,-71218914
104748.51099969,stop1,0.0,0,0,-54258093,-71218914
104748.520723353,stop1,0.0,0,0,-54258093,-71218914
104748.531240671,stop1,0.0,0,0,-54258093,-71218914
104748.540385406,stop1,0.0,0,0,-54258093,-71218914
104748.551027495,stop1,0.0,0,0,-54258093,-71218914
104748.559969953,stop1,0.0,0,0,-54258093,-71218914
104748.570427941,stop1,0.0,0,0,-54258093,-71218914
104748.580229878,stop1,0.0,0,0,-54258093,-71218914
104748.590675834,stop1,0.0,0,0,-54258093,-71218914
104748.600037151,stop1,0.0,0,0,-54258093,-71218914
104748.610515716,stop1,0.0,0,0,-54258093,-71218914
104748.619815047,stop1,0.0,0,0,-54258093,-71218914
104748.6303083,stop1,0.0,0,0,-54258093,-71218914
104748.640216833,stop1,0.0,0,0,-54258093,-71218914
104748.651303382,stop1,0.0,0,0,-54258093,-71218914
104748.660045354,stop1,0.0,0,0,-54258093,-71218914
104748.670549391,stop1,0.0,0,0,-54258093,-71218914
104748.68046218,stop1,0.0,0,0,-54258093,-71218914
104748.690905127,stop1,0.0,0,0,-54258093,-71218914
104748.700117577,stop1,0.0,0,0,-54258093,-71218914
104748.7105579,stop1,0.0,0,0,-54258093,-71218914
104748.720044053,stop1,0.0,0,0,-54258093,-71218914
104748.730513433,stop1,0.0,0,0,-54258093,-71218914
104748.740147686,stop1,0.0,0,0,-54258093,-71218914
104748.750611818,stop1,0.0,0,0,-54258093,-71218914
104748.76020079,stop1,0.0,0,0,-54258093,-71218914
104748.77080323,stop1,0.0,0,0,-54258093,-71218914
104748.78007184,stop1,0.0,0,0,-54258093,-71218914
104748.790547429,stop1,0.0,0,0,-54258093,-71218914
104748.800511163,stop1,0.0,0,0,-54258093,-71218914
104748.810905565,stop1,0.0,0,0,-54258093,-71218914
104748.819948985,stop1,0.0,0,0,-54258093,-71218914
104748.830415485,stop1,0.0,0,0,-54258093,-71218914
104748.839868485,stop1,0.0,0,0,-54258093,-71218914
104748.850369226,stop1,0.0,0,0,-54258093,-71218914
104748.859931957,stop1,0.0,0,0,-54258093,-71218914
104748.870457467,stop1,0.0,0,0,-54258093,-71218914
104748.880548053,stop1,0.0,0,0,-54258093,-71218914
104748.891011193,stop1,0.0,0,0,-54258093,-71218914
104748.900433152,stop1,0.0,0,0,-54258093,-71218914
104748.912738999,stop1,0.0,0,0,-54258093,-71218914
104748.919869502,stop1,0.0,0,0,-54258093,-71218914
104748.930345571,stop1,0.0,0,0,-54258093,-71218914
104748.939924558,stop1,0.0,0,0,-54258093,-71218914
104748.950374258,stop1,0.0,0,0,-54258093,-71218914
104748.960183971,stop1,0.0,0,0,-54258093,-71218914
104748.971038418,stop1,0.0,0,0,-54258093,-71218914
104748.982267212,bwd,50.0,0,0,-54258093,-71218914
104748.992929781,bwd,50.0,0,0,-54258093,-71218914
104749.000718095,bwd,50.0,0,0,-54258093,-71218914
104749.01128751,bwd,50.0,0,0,-54258093,-71218914
104749.020520535,bwd,50.0,0,0,-54258093,-71218914
104749.030944858,bwd,50.0,0,0,-54258093,-71218914
104749.039973718,bwd,50.0,0,0,-54258093,-71218914
104749.050534909,bwd,50.0,0,0,-54258093,-71218914
104749.060120713,bwd,50.0,0,0,-54256533,-71217079
104749.070599085,bwd,50.0,0,0,-54256533,-71217079
104749.081705315,bwd,50.0,0,0,-54256533,-71217079
104749.081801798,bwd,50.0,0,0,-54256533,-71217079
104749.09256853,bwd,50.0,0,0,-54256533,-71217079
104749.100683253,bwd,50.0,0,0,-54253931,-71214103
104749.11117785,bwd,50.0,0,0,-54253931,-71214103
104749.120452669,bwd,50.0,0,0,-54253931,-71214103
104749.130998627,bwd,50.0,0,0,-54253931,-71214103
104749.141295138,bwd,50.0,0,0,-54253931,-71214103
104749.151907083,bwd,50.0,0,0,-54253931,-71214103
104749.160489178,bwd,50.0,0,0,-54247974,-71209752
104749.170906877,bwd,50.0,0,0,-54247974,-71209752
104749.180165119,bwd,50.0,0,0,-54247974,-71209752
104749.190830729,bwd,50.0,0,0,-54247974,-71209752
104749.201667928,bwd,50.0,0,0,-54247974,-71209752
104749.204102395,bwd,50.0,0,0,-54247974,-71209752
104749.217506706,bwd,50.0,0,0,-54247974,-71209752
104749.228317023,bwd,50.0,0,0,-54247974,-71209752
104749.23243301,bwd,50.0,0,0,-54247974,-71209752
104749.242124161,bwd,50.0,1135,1171,-54237816,-71197791
104749.254491994,bwd,50.0,1135,1171,-54237816,-71197791
104749.259688843,bwd,50.0,1135,1171,-54232756,-71193210
104749.270145967,bwd,50.0,1135,1171,-54232756,-71193210
104749.2805132,bwd,50.0,1135,1171,-54232756,-71193210
104749.291550084,bwd,50.0,1135,1171,-54232756,-71193210
104749.300889161,bwd,50.0,1135,1171,-54226722,-71187050
104749.311344813,bwd,50.0,1135,1171,-54226722,-71187050
104749.320599215,bwd,50.0,1135,1171,-54226722,-71187050
104749.331044723,bwd,50.0,1135,1171,-54226722,-71187050
104749.341093771,bwd,50.0,1135,1171,-54226722,-71187050
104749.351555023,bwd,50.0,1135,1171,-54226722,-71187050
104749.362245945,bwd,50.0,1135,1171,-54218235,-71178210
104749.362536322,bwd,50.0,1135,1171,-54218235,-71178210
104749.373991137,bwd,50.0,1135,1171,-54218235,-71178210
104749.380539224,bwd,50.0,1135,1171,-54218235,-71178210
104749.391063038,bwd,50.0,1135,1171,-54218235,-71178210
104749.400290559,bwd,50.0,1135,1171,-54218235,-71178210
104749.410908776,bwd,50.0,1135,1171,-54218235,-71178210
104749.420067911,bwd,50.0,1278,1171,-54210554,-71171257
104749.430776754,bwd,50.0,1278,1171,-54210554,-71171257
104749.440611845,bwd,50.0,1278,1171,-54210554,-71171257
104749.451099817,bwd,50.0,1278,1171,-54210554,-71171257
104749.460622099,bwd,50.0,1278,1299,-54205744,-71165706
104749.471067191,bwd,50.0,1278,1299,-54205744,-71165706
104749.479998608,bwd,50.0,1278,1299,-54205744,-71165706
104749.490505493,bwd,50.0,1278,1299,-54205744,-71165706
104749.499900444,bwd,50.0,1278,1299,-54198004,-71158346
104749.510365312,bwd,50.0,1278,1299,-54198004,-71158346
104749.520140464,bwd,50.0,1278,1299,-54198004,-71158346
104749.530641206,bwd,50.0,1278,1299,-54198004,-71158346
104749.539857591,bwd,50.0,1278,1299,-54198004,-71158346
104749.550384701,bwd,50.0,1278,1299,-54198004,-71158346
104749.559943335,bwd,50.0,1278,1299,-54191771,-71152166
104749.570427884,bwd,50.0,1278,1299,-54191771,-71152166
104749.5804521,bwd,50.0,1278,1299,-54191771,-71152166
104749.590891655,bwd,50.0,1278,1299,-54191771,-71152166
104749.599873858,bwd,50.0,1278,1299,-54191771,-71152166
104749.610380487,bwd,50.0,1278,1299,-54191771,-71152166
104749.619960115,bwd,50.0,1162,1299,-54184641,-71147022
104749.630438487,bwd,50.0,1162,1299,-54184641,-71147022
104749.640459887,bwd,50.0,1162,1299,-54184641,-71147022
104749.650911026,bwd,50.0,1162,1299,-54184641,-71147022
104749.65992331,bwd,50.0,1162,1165,-54178690,-71138987
104749.670395602,bwd,50.0,1162,1165,-54178690,-71138987
104749.680038911,bwd,50.0,1162,1165,-54178690,-71138987
104749.690492771,bwd,50.0,1162,1165,-54178690,-71138987
104749.700350486,bwd,50.0,1162,1165,-54178690,-71138987
104749.71080841,bwd,50.0,1162,1165,-54178690,-71138987
104749.72006006,bwd,50.0,1162,1165,-54172268,-71132492
104749.730535233,bwd,50.0,1162,1165,-54172268,-71132492
104749.740416149,bwd,50.0,1162,1165,-54172268,-71132492
104749.750894841,bwd,50.0,1162,1165,-54172268,-71132492
104749.760265407,bwd,50.0,1162,1165,-54165157,-71127158
104749.771768544,bwd,50.0,1162,1165,-54165157,-71127158
104749.779952804,bwd,50.0,1162,1165,-54165157,-71127158
104749.79039428,bwd,50.0,1162,1165,-54165157,-71127158
104749.801397115,bwd,50.0,1162,1165,-54165157,-71127158
104749.812452303,bwd,50.0,1162,1165,-54165157,-71127158
104749.81987203,bwd,50.0,1237,1165,-54157817,-71118959
104749.830385092,bwd,50.0,1237,1165,-54157817,-71118959
104749.839721832,bwd,50.0,1237,1165,-54157817,-71118959
104749.85015902,bwd,50.0,1237,1165,-54157817,-71118959
104749.860437802,bwd,50.0,1237,1226,-54152024,-71112373
104749.87086843,bwd,50.0,1237,1226,-54152024,-71112373
104749.880181714,bwd,50.0,1237,1226,-54152024,-71112373
104749.890620149,bwd,50.0,1237,1226,-54152024,-71112373
104749.899978266,bwd,50.0,1237,1226,-54145437,-71105708
104749.910446686,bwd,50.0,1237,1226,-54145437,-71105708
104749.919874117,bwd,50.0,1237,1226,-54145437,-71105708
104749.93057528,bwd,50.0,1237,1226,-54145437,-71105708
104749.940226749,bwd,50.0,1237,1226,-54145437,-71105708
104749.950658721,bwd,50.0,1237,1226,-54145437,-71105708
104749.959712125,bwd,50.0,1237,1226,-54138012,-71100360
104749.978118271,bwd,50.0,1237,1226,-54138012,-71100360
104749.988775784,stop2,0.0,1237,1226,-54138012,-71100360
104749.999325263,stop2,0.0,1237,1226,-54138012,-71100360
104750.009685616,stop2,0.0,1237,1226,-54138012,-71100360
104750.020091026,stop2,0.0,1237,1226,-54138012,-71100360
104750.03051967,stop2,0.0,1237,1226,-54138012,-71100360
104750.04093692,stop2,0.0,1237,1226,-54138012,-71100360
104750.051533184,stop2,0.0,1237,1226,-54138012,-71100360
104750.061962179,stop2,0.0,1237,1226,-54138012,-71100360
104750.072508169,stop2,0.0,1237,1226,-54138012,-71100360
104750.082951309,stop2,0.0,1237,1226,-54138012,-71100360
104750.093356079,stop2,0.0,1237,1226,-54138012,-71100360
104750.103949975,stop2,0.0,1237,1226,-54138012,-71100360
104750.114412699,stop2,0.0,1237,1226,-54138012,-71100360
104750.124783196,stop2,0.0,1237,1226,-54138012,-71100360
104750.135186847,stop2,0.0,1237,1226,-54138012,-71100360
104750.145610242,stop2,0.0,1237,1226,-54138012,-71100360
104750.15300456,stop2,0.0,1237,1226,-54138012,-71100360
104750.163457812,stop2,0.0,1237,1226,-54138012,-71100360
104750.174022715,stop2,0.0,1237,1226,-54138012,-71100360
104750.184489503,stop2,0.0,1237,1226,-54138012,-71100360
104750.194733021,stop2,0.0,1237,1226,-54138012,-71100360
104750.205176704,stop2,0.0,1237,1226,-54138012,-71100360
104750.226086888,stop2,0.0,1237,1226,-54138012,-71100360
104750.233249584,stop2,0.0,1237,1226,-54138012,-71100360
104750.240458265,stop2,0.0,1237,1226,-54138012,-71100360
104750.250934685,stop2,0.0,1237,1226,-54138012,-71100360
104750.259952025,stop2,0.0,1237,1226,-54138012,-71100360
104750.283056286,stop2,0.0,1237,1226,-54138012,-71100360
104750.283850164,stop2,0.0,1164,1166,-54097236,-71057532
104750.294315928,stop2,0.0,1164,1166,-54097236,-71057532
104750.300089401,stop2,0.0,1164,1166,-54097236,-71057532
104750.310531197,stop2,0.0,1164,1166,-54097236,-71057532
104750.320122409,stop2,0.0,1164,1166,-54097236,-71057532
104750.330616461,stop2,0.0,1164,1166,-54097236,-71057532
104750.341012912,stop2,0.0,1164,1166,-54097236,-71057532
104750.345034656,stop2,0.0,1164,1166,-54090603,-71050874
104750.355752395,stop2,0.0,1164,1166,-54090603,-71050874
104750.360716662,stop2,0.0,1164,1166,-54090603,-71050874
104750.372557344,stop2,0.0,1164,1166,-54090603,-71050874
104750.381306804,stop2,0.0,1164,1166,-54090603,-71050874
104750.391794105,stop2,0.0,1164,1166,-54090603,-71050874
104750.400104737,stop2,0.0,719,1166,-54088021,-71048528
104750.410621062,stop2,0.0,719,1166,-54088021,-71048528
104750.420259859,stop2,0.0,719,1166,-54088021,-71048528
104750.430882844,stop2,0.0,719,1166,-54088021,-71048528
104750.439992986,stop2,0.0,719,628,-54086920,-71047544
104750.450615971,stop2,0.0,719,628,-54086920,-71047544
104750.460088715,stop2,0.0,719,628,-54086920,-71047544
104750.470619857,stop2,0.0,719,628,-54086920,-71047544
104750.479990326,stop2,0.0,719,628,-54087674,-71048016
104750.490508508,stop2,0.0,719,628,-54087674,-71048016
104750.500238188,stop2,0.0,719,628,-54087674,-71048016
104750.510735473,stop2,0.0,719,628,-54087674,-71048016
104750.52140025,stop2,0.0,719,628,-54087674,-71048016
104750.531976289,stop2,0.0,719,628,-54087674,-71048016
104750.540600114,stop2,0.0,719,628,-54088146,-71048292
104750.55106495,stop2,0.0,719,628,-54088146,-71048292
104750.560120819,stop2,0.0,719,628,-54088146,-71048292
104750.570635096,stop2,0.0,719,628,-54088146,-71048292
104750.580330727,stop2,0.0,719,628,-54088146,-71048292
104750.590963632,stop2,0.0,719,628,-54088146,-71048292
104750.600168689,stop2,0.0,-118,628,-54089096,-71049373
104750.610640949,stop2,0.0,-118,628,-54089096,-71049373
104750.62027453,stop2,0.0,-118,628,-54089096,-71049373
104750.63145369,stop2,0.0,-118,628,-54089096,-71049373
104750.63990343,stop2,0.0,-118,-131,-54089522,-71049917
104750.650532814,stop2,0.0,-118,-131,-54089522,-71049917
104750.660500901,stop2,0.0,-118,-131,-54089522,-71049917
104750.670968425,stop2,0.0,-118,-131,-54089522,-71049917
104750.680132457,stop2,0.0,-118,-131,-54089522,-71049917
104750.690578284,stop2,0.0,-118,-131,-54089522,-71049917
104750.699989555,stop2,0.0,-118,-131,-54089450,-71049891
104750.710422326,stop2,0.0,-118,-131,-54089450,-71049891
104750.719883838,stop2,0.0,-118,-131,-54089450,-71049891
104750.730313089,stop2,0.0,-118,-131,-54089450,-71049891
104750.741545851,stop2,0.0,-118,-131,-54089352,-71049766
104750.741770401,stop2,0.0,-118,-131,-54089352,-71049766
104750.75214669,stop2,0.0,-118,-131,-54089352,-71049766
104750.760961401,stop2,0.0,-118,-131,-54089352,-71049766
104750.771998893,stop2,0.0,-118,-131,-54089352,-71049766
104750.779988076,stop2,0.0,-118,-131,-54089352,-71049766
104750.790439247,stop2,0.0,-118,-131,-54089352,-71049766
104750.800373989,stop2,0.0,11,11,-54089338,-71049746
104750.811984329,stop2,0.0,11,11,-54089338,-71049746
104750.820290192,stop2,0.0,11,11,-54089338,-71049746
104750.830772981,stop2,0.0,11,11,-54089338,-71049746
104750.841636612,stop2,0.0,11,11,-54089352,-71049766
104750.841745479,stop2,0.0,11,11,-54089352,-71049766
104750.852128809,stop2,0.0,11,11,-54089352,-71049766
104750.859883297,stop2,0.0,11,11,-54089352,-71049766
104750.8704458,stop2,0.0,11,11,-54089352,-71049766
104750.881341496,stop2,0.0,11,11,-54089345,-71049766
104750.881438043,stop2,0.0,11,11,-54089345,-71049766
104750.89414259,stop2,0.0,11,11,-54089345,-71049766
104750.900494799,stop2,0.0,11,11,-54089345,-71049766
104750.911685191,stop2,0.0,11,11,-54089345,-71049766
104750.919957518,stop2,0.0,11,11,-54089345,-71049766
104750.93363678,stop2,0.0,11,11,-54089345,-71049766
104750.941649964,stop2,0.0,11,11,-54089332,-71049753
104750.95213288,stop2,0.0,11,11,-54089332,-71049753
104750.962786041,stop2,0.0,11,11,-54089332,-71049753
104750.973985074,stop2,0.0,11,11,-54089332,-71049753
104750.984356851,stop2,0.0,11,11,-54089332,-71049753
104750.989428545,stop2,0.0,11,11,-54089332,-71049753
104750.999892229,stop2,0.0,11,11,-54089332,-71049753
104751.006958762,stop2,0.0,11,11,-54089332,-71049753
104751.00997267,stop2,0.0,11,11,-54089332,-71049753
104751.020476164,stop2,0.0,11,11,-54089332,-71049753
104751.021813801,stop2,0.0,11,11,-54089332,-71049753
104751.032204459,stop2,0.0,11,11,-54089332,-71049753
104751.040484658,stop2,0.0,-1,0,-54089338,-71049760
104751.050925845,stop2,0.0,-1,0,-54089338,-71049760
104751.061518973,stop2,0.0,-1,0,-54089338,-71049760
104751.071966977,stop2,0.0,-1,0,-54089338,-71049760
104751.080218183,stop2,0.0,-1,0,-54089338,-71049760
104751.090675691,stop2,0.0,-1,0,-54089338,-71049760
104751.099922733,stop2,0.0,-1,0,-54089332,-71049760
104751.110371985,stop2,0.0,-1,0,-54089332,-71049760
104751.120830036,stop2,0.0,-1,0,-54089332,-71049760
104751.121553897,stop2,0.0,-1,0,-54089332,-71049760
104751.135119203,stop2,0.0,-1,0,-54089332,-71049760
104751.139601312,stop2,0.0,-1,0,-54089332,-71049760
104751.150136678,stop2,0.0,-1,0,-54089332,-71049760
104751.160245729,stop2,0.0,-1,0,-54089338,-71049760
104751.170723749,stop2,0.0,-1,0,-54089338,-71049760
104751.180064266,stop2,0.0,-1,0,-54089338,-71049760
104751.190650577,stop2,0.0,-1,0,-54089338,-71049760
104751.200251389,stop2,0.0,-1,0,-54089338,-71049760
104751.213129348,stop2,0.0,-1,0,-54089338,-71049760
104751.220421744,stop2,0.0,0,0,-54089338,-71049760
104751.231113594,stop2,0.0,0,0,-54089338,-71049760
104751.24020076,stop2,0.0,0,0,-54089338,-71049760
104751.25065878,stop2,0.0,0,0,-54089338,-71049760
104751.259951167,stop2,0.0,0,0,-54089338,-71049760
104751.270394211,stop2,0.0,0,0,-54089338,-71049760
104751.281032876,stop2,0.0,0,0,-54089338,-71049760
104751.291487183,stop2,0.0,0,0,-54089338,-71049760
104751.300856405,stop2,0.0,0,0,-54089338,-71049760
104751.311441308,stop2,0.0,0,0,-54089338,-71049760
104751.320963878,stop2,0.0,0,0,-54089338,-71049760
104751.331433386,stop2,0.0,0,0,-54089338,-71049760
104751.339853269,stop2,0.0,0,0,-54089338,-71049760
104751.35041766,stop2,0.0,0,0,-54089338,-71049760
104751.362845143,stop2,0.0,0,0,-54089338,-71049760
104751.369555442,stop2,0.0,0,0,-54089338,-71049760
104751.380115545,stop2,0.0,0,0,-54089338,-71049760
104751.390530012,stop2,0.0,0,0,-54089338,-71049760
104751.392339342,stop2,0.0,0,0,-54089338,-71049760
104751.401074434,stop2,0.0,0,0,-54089338,-71049760
104751.411537862,stop2,0.0,0,0,-54089338,-71049760
104751.421922984,stop2,0.0,0,0,-54089338,-71049760
104751.432504335,stop2,0.0,0,0,-54089338,-71049760
104751.442898993,stop2,0.0,0,0,-54089338,-71049760
104751.453362229,stop2,0.0,0,0,-54089338,-71049760
104751.463825337,stop2,0.0,0,0,-54089338,-71049760
104751.474205435,stop2,0.0,0,0,-54089338,-71049760
104751.484733697,stop2,0.0,0,0,-54089338,-71049760
104751.495289736,stop2,0.0,0,0,-54089338,-71049760
104751.500285715,stop2,0.0,0,0,-54089338,-71049760
104751.502329484,stop2,0.0,0,0,-54089338,-71049760
104751.512819857,stop2,0.0,0,0,-54089338,-71049760
104751.523221107,stop2,0.0,0,0,-54089338,-71049760
104751.533727608,stop2,0.0,0,0,-54089338,-71049760
104751.544718443,stop2,0.0,0,0,-54089338,-71049760
104751.55521672,stop2,0.0,0,0,-54089338,-71049760
104751.560443458,stop2,0.0,0,0,-54089338,-71049760
104751.575199934,stop2,0.0,0,0,-54089338,-71049760
104751.581031457,stop2,0.0,0,0,-54089338,-71049760
104751.591579591,stop2,0.0,0,0,-54089338,-71049760
104751.60091918,stop2,0.0,0,0,-54089338,-71049760
104751.606558729,stop2,0.0,0,0,-54089338,-71049760
104751.617297461,stop2,0.0,0,0,-54089338,-71049760
104751.627039461,stop2,0.0,0,0,-54089338,-71049760
104751.637497577,stop2,0.0,0,0,-54089338,-71049760
104751.648092176,stop2,0.0,0,0,-54089338,-71049760
104751.658998209,stop2,0.0,0,0,-54089338,-71049760
104751.669526598,stop2,0.0,0,0,-54089338,-71049760
104751.680035084,stop2,0.0,0,0,-54089338,-71049760
104751.690701173,stop2,0.0,0,0,-54089338,-71049760
104751.691687121,stop2,0.0,0,0,-54089338,-71049760
104751.693405345,stop2,0.0,0,0,-54089338,-71049760
104751.700200767,stop2,0.0,0,0,-54089338,-71049760
104751.710779686,stop2,0.0,0,0,-54089338,-71049760
104751.720137099,stop2,0.0,0,0,-54089338,-71049760
104751.730658513,stop2,0.0,0,0,-54089338,-71049760
104751.739876434,stop2,0.0,0,0,-54089338,-71049760
104751.750409432,stop2,0.0,0,0,-54089338,-71049760
104751.760744024,stop2,0.0,0,0,-54089338,-71049760
104751.77126883,stop2,0.0,0,0,-54089338,-71049760
104751.781678657,stop2,0.0,0,0,-54089338,-71049760
104751.792107428,stop2,0.0,0,0,-54089338,-71049760
104751.802524998,stop2,0.0,0,0,-54089338,-71049760
104751.813222737,stop2,0.0,0,0,-54089338,-71049760
104751.823981597,stop2,0.0,0,0,-54089338,-71049760
104751.831490575,stop2,0.0,0,0,-54089338,-71049760
104751.833414981,stop2,0.0,0,0,-54089338,-71049760
104751.839686452,stop2,0.0,0,0,-54089338,-71049760
104751.850187321,stop2,0.0,0,0,-54089338,-71049760
104751.860304723,stop2,0.0,0,0,-54089338,-71049760
104751.870956988,stop2,0.0,0,0,-54089338,-71049760
104751.883365175,stop2,0.0,0,0,-54089338,-71049760
104751.893848251,stop2,0.0,0,0,-54089338,-71049760
104751.899951942,stop2,0.0,0,0,-54089338,-71049760
104751.910458923,stop2,0.0,0,0,-54089338,-71049760
104751.920197371,stop2,0.0,0,0,-54089338,-71049760
104751.931604249,stop2,0.0,0,0,-54089338,-71049760
104751.940043364,stop2,0.0,0,0,-54089338,-71049760
104751.950628204,stop2,0.0,0,0,-54089338,-71049760
104751.959920847,stop2,0.0,0,0,-54089338,-71049760
104751.970389299,stop2,0.0,0,0,-54089338,-71049760
104751.980538575,stop2,0.0,0,0,-54089338,-71049760
