t,tag,n1,n2
0.0,idle,0,0
0.02,idle,0,0
0.04,idle,0,0
0.06,idle,0,0
0.081,idle,0,0
0.101,idle,0,0
0.121,idle,0,0
0.141,idle,0,0
0.161,idle,0,0
0.181,idle,0,0
0.202,idle,0,0
0.222,idle,0,0
0.242,idle,0,0
0.262,idle,0,0
0.282,idle,0,0
0.302,idle,0,0
0.323,idle,0,0
0.343,idle,0,0
0.367,idle,0,0
0.387,idle,0,0
0.407,idle,0,0
0.427,idle,0,0
0.447,idle,0,0
0.467,idle,0,0
0.487,idle,0,0
0.508,idle,0,0
0.528,idle,0,0
0.548,idle,0,0
0.568,idle,0,0
0.588,idle,0,0
0.608,idle,0,0
0.628,idle,0,0
0.648,idle,0,0
0.669,idle,0,0
0.689,idle,0,0
0.709,idle,0,0
0.729,idle,0,0
0.749,idle,0,0
0.769,idle,0,0
0.79,idle,0,0
0.811,idle,0,0
0.831,idle,0,0
0.851,idle,0,0
0.872,idle,0,0
0.892,idle,0,0
0.913,idle,0,0
0.933,idle,0,0
0.954,idle,0,0
0.974,idle,0,0
0.994,idle,0,0
1.014,hold_fwd,0,0
1.035,hold_fwd,0,0
1.055,hold_fwd,0,0
1.075,hold_fwd,0,0
1.095,hold_fwd,0,0
1.115,hold_fwd,0,0
1.135,hold_fwd,0,0
1.157,hold_fwd,0,0
1.177,hold_fwd,0,0
1.197,hold_fwd,0,0
1.217,hold_fwd,0,0
1.237,hold_fwd,0,0
1.258,hold_fwd,0,0
1.278,hold_fwd,-1143,0
1.298,hold_fwd,-1143,0
1.318,hold_fwd,-1143,-1188
1.338,hold_fwd,-1143,-1188
1.358,hold_fwd,-1143,-1188
1.378,hold_fwd,-1143,-1188
1.399,hold_fwd,-1143,-1188
1.419,hold_fwd,-1143,-1188
1.439,hold_fwd,-1143,-1188
1.459,hold_fwd,-1143,-1188
1.479,hold_fwd,-1317,-1188
1.499,hold_fwd,-1317,-1188
1.519,hold_fwd,-1317,-1307
1.539,hold_fwd,-1317,-1307
1.559,hold_fwd,-1317,-1307
1.58,hold_fwd,-1317,-1307
1.6,hold_fwd,-1317,-1307
1.62,hold_fwd,-1317,-1307
1.64,hold_fwd,-1317,-1307
1.66,hold_fwd,-1317,-1307
1.68,hold_fwd,-1238,-1307
1.7,hold_fwd,-1238,-1307
1.72,hold_fwd,-1238,-1228
1.74,hold_fwd,-1238,-1228
1.76,hold_fwd,-1238,-1228
1.781,hold_fwd,-1238,-1228
1.801,hold_fwd,-1238,-1228
1.821,hold_fwd,-1238,-1228
1.841,hold_fwd,-1238,-1228
1.861,hold_fwd,-1238,-1228
1.882,hold_fwd,-1221,-1228
1.902,hold_fwd,-1221,-1228
1.922,hold_fwd,-1221,-1228
1.942,hold_fwd,-1221,-1228
1.962,hold_fwd,-1221,-1228
1.982,hold_fwd,-1221,-1228
2.002,hold_fwd,-1221,-1228
2.022,hold_fwd,-1221,-1228
2.042,hold_fwd,-1221,-1228
2.063,hold_fwd,-1221,-1228
2.083,hold_fwd,-1221,-1228
2.103,hold_fwd,-1221,-1228
2.123,hold_fwd,-1223,-1230
2.143,hold_fwd,-1223,-1230
2.163,hold_fwd,-1223,-1230
2.183,hold_fwd,-1223,-1230
2.203,hold_fwd,-1223,-1230
2.223,hold_fwd,-1223,-1230
2.244,hold_fwd,-1223,-1230
2.264,hold_fwd,-1223,-1230
2.284,hold_fwd,-1215,-1230
2.304,hold_fwd,-1215,-1230
2.324,hold_fwd,-1215,-1218
2.344,hold_fwd,-1215,-1218
2.364,hold_fwd,-1215,-1218
2.384,hold_fwd,-1215,-1218
2.404,hold_fwd,-1215,-1218
2.425,hold_fwd,-1215,-1218
2.445,hold_fwd,-1215,-1218
2.465,hold_fwd,-1215,-1218
2.485,hold_fwd,-1218,-1218
2.505,hold_fwd,-1218,-1218
2.546,after_stop1,-1218,-1215
2.566,after_stop1,-1218,-1215
2.586,after_stop1,-1218,-1215
2.606,after_stop1,-1218,-1215
2.626,after_stop1,-1218,-1215
2.646,after_stop1,-1218,-1215
2.667,after_stop1,-1218,-1215
2.687,after_stop1,-592,-1215
2.707,after_stop1,-592,-1215
2.727,after_stop1,-592,-452
2.748,after_stop1,-592,-452
2.769,after_stop1,-592,-452
2.789,after_stop1,-592,-452
2.809,after_stop1,-592,-452
2.829,after_stop1,-592,-452
2.85,after_stop1,-592,-452
2.87,after_stop1,-592,-452
2.89,after_stop1,-592,-452
2.91,after_stop1,-592,-452
2.965,after_stop1,211,174
2.985,after_stop1,211,174
3.005,after_stop1,211,174
3.025,after_stop1,211,174
3.045,after_stop1,211,174
3.065,after_stop1,211,174
3.086,after_stop1,-20,174
3.106,after_stop1,-20,174
3.126,after_stop1,-20,-15
3.146,after_stop1,-20,-15
3.166,after_stop1,-20,-15
3.186,after_stop1,-20,-15
3.206,after_stop1,-20,-15
3.227,after_stop1,-20,-15
3.247,after_stop1,-20,-15
3.267,after_stop1,-20,-15
3.287,after_stop1,-1,0
3.307,after_stop1,-1,0
3.327,after_stop1,-1,0
3.347,after_stop1,-1,0
3.367,after_stop1,-1,0
3.387,after_stop1,-1,0
3.408,after_stop1,-1,0
3.428,after_stop1,-1,0
3.448,after_stop1,-1,0
3.469,after_stop1,-1,0
3.489,after_stop1,0,0
3.509,after_stop1,0,0
3.529,after_stop1,0,0
3.549,after_stop1,0,0
3.57,after_stop1,0,0
3.59,after_stop1,0,0
3.61,after_stop1,0,0
3.63,after_stop1,0,0
3.65,after_stop1,0,0
3.671,after_stop1,0,0
3.691,after_stop1,0,0
3.711,after_stop1,0,0
3.731,after_stop1,0,0
3.752,after_stop1,0,0
3.772,after_stop1,0,0
3.792,after_stop1,0,0
3.812,after_stop1,0,0
3.832,after_stop1,0,0
3.853,after_stop1,0,0
3.873,after_stop1,0,0
3.895,after_stop1,0,0
3.915,after_stop1,0,0
3.935,after_stop1,0,0
3.956,after_stop1,0,0
3.976,after_stop1,0,0
3.996,after_stop1,0,0
4.016,after_stop1,0,0
4.037,after_stop1,0,0
4.057,hold_bwd,0,0
4.077,hold_bwd,0,0
4.097,hold_bwd,0,0
4.117,hold_bwd,0,0
4.138,hold_bwd,0,0
4.158,hold_bwd,0,0
4.178,hold_bwd,0,0
4.198,hold_bwd,0,0
4.218,hold_bwd,0,0
4.238,hold_bwd,0,0
4.258,hold_bwd,0,0
4.278,hold_bwd,815,0
4.299,hold_bwd,815,0
4.319,hold_bwd,815,847
4.339,hold_bwd,815,847
4.359,hold_bwd,815,847
4.379,hold_bwd,815,847
4.399,hold_bwd,815,847
4.419,hold_bwd,815,847
4.439,hold_bwd,815,847
4.459,hold_bwd,815,847
4.48,hold_bwd,815,847
4.5,hold_bwd,815,847
4.52,hold_bwd,1325,1328
4.54,hold_bwd,1325,1328
4.56,hold_bwd,1325,1328
4.58,hold_bwd,1325,1328
4.6,hold_bwd,1325,1328
4.62,hold_bwd,1325,1328
4.64,hold_bwd,1325,1328
4.661,hold_bwd,1325,1328
4.681,hold_bwd,1325,1328
4.701,hold_bwd,1325,1328
4.721,hold_bwd,1188,1203
4.741,hold_bwd,1188,1203
4.762,hold_bwd,1188,1203
4.782,hold_bwd,1188,1203
4.802,hold_bwd,1188,1203
4.822,hold_bwd,1188,1203
4.842,hold_bwd,1188,1203
4.862,hold_bwd,1188,1203
4.883,hold_bwd,1188,1203
4.903,hold_bwd,1188,1203
4.923,hold_bwd,1147,1144
4.943,hold_bwd,1147,1144
4.963,hold_bwd,1147,1144
4.983,hold_bwd,1147,1144
5.003,hold_bwd,1147,1144
5.023,hold_bwd,1147,1144
5.044,hold_bwd,1147,1144
5.064,hold_bwd,1147,1144
5.084,hold_bwd,1147,1144
5.104,hold_bwd,1147,1144
5.124,hold_bwd,1226,1239
5.144,hold_bwd,1226,1239
5.164,hold_bwd,1226,1239
5.184,hold_bwd,1226,1239
5.204,hold_bwd,1226,1239
5.225,hold_bwd,1226,1239
5.245,hold_bwd,1226,1239
5.265,hold_bwd,1226,1239
5.285,hold_bwd,1213,1239
5.305,hold_bwd,1213,1239
5.325,hold_bwd,1213,1225
5.345,hold_bwd,1213,1225
5.365,hold_bwd,1213,1225
5.385,hold_bwd,1213,1225
5.406,hold_bwd,1213,1225
5.426,hold_bwd,1213,1225
5.446,hold_bwd,1213,1225
5.466,hold_bwd,1213,1225
5.486,hold_bwd,1213,1225
5.506,hold_bwd,1213,1225
5.526,hold_bwd,1238,1237
5.546,hold_bwd,1238,1237
5.587,after_stop2,1238,1237
5.607,after_stop2,1238,1237
5.627,after_stop2,1238,1237
5.647,after_stop2,1238,1237
5.668,after_stop2,1238,1237
5.688,after_stop2,1238,1237
5.708,after_stop2,1238,1237
5.728,after_stop2,808,730
5.748,after_stop2,808,730
5.769,after_stop2,808,730
5.789,after_stop2,808,730
5.809,after_stop2,808,730
5.829,after_stop2,808,730
5.85,after_stop2,808,730
5.87,after_stop2,808,730
5.89,after_stop2,808,730
5.91,after_stop2,808,730
5.93,after_stop2,-161,-144
5.95,after_stop2,-161,-144
5.97,after_stop2,-161,-144
5.99,after_stop2,-161,-144
6.011,after_stop2,-161,-144
6.031,after_stop2,-161,-144
6.051,after_stop2,-161,-144
6.071,after_stop2,-161,-144
6.091,after_stop2,-161,-144
6.111,after_stop2,-9,-144
6.132,after_stop2,-9,-144
6.152,after_stop2,-9,-8
6.172,after_stop2,-9,-8
6.193,after_stop2,-9,-8
6.214,after_stop2,-9,-8
6.234,after_stop2,-9,-8
6.254,after_stop2,-9,-8
6.275,after_stop2,-9,-8
6.295,after_stop2,-9,-8
6.316,after_stop2,-9,-8
6.336,after_stop2,-15,-14
6.356,after_stop2,-15,-14
6.376,after_stop2,-15,-14
6.396,after_stop2,-15,-14
6.416,after_stop2,-15,-14
6.436,after_stop2,-15,-14
6.457,after_stop2,-15,-14
6.477,after_stop2,-15,-14
6.497,after_stop2,-15,-14
6.517,after_stop2,-15,-14
6.537,after_stop2,1,0
6.557,after_stop2,1,0
6.577,after_stop2,1,0
6.597,after_stop2,1,0
6.617,after_stop2,1,0
6.637,after_stop2,1,0
6.658,after_stop2,1,0
6.678,after_stop2,1,0
6.698,after_stop2,1,0
6.718,after_stop2,1,0
6.739,after_stop2,0,0
6.759,after_stop2,0,0
6.779,after_stop2,0,0
6.799,after_stop2,0,0
6.819,after_stop2,0,0
6.839,after_stop2,0,0
6.859,after_stop2,0,0
6.879,after_stop2,0,0
6.9,after_stop2,0,0
6.92,after_stop2,0,0
6.94,after_stop2,0,0
6.96,after_stop2,0,0
6.98,after_stop2,0,0
7.0,after_stop2,0,0
7.02,after_stop2,0,0
7.041,after_stop2,0,0
7.061,after_stop2,0,0
7.081,after_stop2,0,0
