timestamp,elapsed_s,cam0_fps,cam1_fps,cam2_fps,cam3_fps,cam4_fps,cam0_gf,cam1_gf,cam2_gf,cam3_gf,cam4_gf,new_alerts
2026-07-26 19:51:02,60,29.68,29.69,29.71,29.71,29.70,0,0,0,0,0,0
2026-07-26 19:52:02,120,29.73,29.71,29.71,29.70,29.70,0,0,0,0,0,0
2026-07-26 19:53:02,180,29.71,29.72,29.70,29.69,29.71,0,0,0,0,0,0
2026-07-26 19:54:02,240,29.69,29.72,29.69,29.71,29.70,0,0,0,0,0,0
2026-07-26 19:55:02,300,29.72,29.70,29.69,29.70,29.73,0,0,0,0,0,0
2026-07-26 19:56:02,360,29.71,29.68,29.68,29.70,29.74,0,0,0,0,0,0
2026-07-26 19:57:02,420,29.70,29.69,29.71,29.73,29.69,0,0,0,0,0,0
2026-07-26 19:58:02,480,29.75,29.71,29.73,29.76,29.69,0,0,0,0,0,0
2026-07-26 19:59:02,540,29.72,29.71,29.71,29.70,29.72,0,0,0,0,0,0
2026-07-26 20:00:02,600,29.71,29.71,29.70,29.71,29.71,0,0,0,0,0,0
2026-07-26 20:01:02,660,29.70,29.70,29.73,29.70,29.71,0,0,0,0,0,0
2026-07-26 20:02:02,720,29.69,29.68,29.69,29.69,29.70,0,0,0,0,0,0
2026-07-26 20:03:02,780,29.70,29.70,29.72,29.69,29.73,0,0,0,0,0,0
2026-07-26 20:04:02,840,29.71,29.71,29.72,29.71,29.71,0,0,0,0,0,0
2026-07-26 20:05:02,900,29.73,29.71,29.73,29.74,29.71,0,0,0,0,0,0
2026-07-26 20:06:02,960,29.72,29.69,29.72,29.70,29.73,0,0,0,0,0,0
2026-07-26 20:07:02,1020,29.70,29.73,29.69,29.70,29.72,0,0,0,0,0,0
2026-07-26 20:08:02,1080,29.70,29.71,29.70,29.71,29.70,0,0,0,0,0,0
2026-07-26 20:09:02,1140,29.39,29.72,29.70,29.69,29.70,0,0,0,0,0,0
2026-07-26 20:10:02,1200,29.72,29.70,29.71,29.71,29.52,0,0,0,0,0,0
2026-07-26 20:11:02,1260,29.70,29.70,29.71,29.70,29.71,0,0,0,0,0,0
2026-07-26 20:12:02,1320,29.72,29.71,29.73,29.73,29.72,0,0,0,0,0,0
2026-07-26 20:13:02,1380,29.70,29.72,29.71,29.72,29.70,0,0,0,0,0,0
2026-07-26 20:14:02,1440,29.69,29.73,29.67,29.71,29.73,0,0,0,0,0,0
2026-07-26 20:15:02,1500,29.72,29.71,29.70,29.73,29.69,0,0,0,0,0,0
2026-07-26 20:16:02,1560,29.71,29.74,29.66,29.72,29.71,0,0,0,0,0,0
2026-07-26 20:17:02,1620,29.72,29.75,29.71,29.71,29.71,0,0,0,0,0,0
2026-07-26 20:18:02,1680,29.73,29.71,29.70,29.71,29.71,0,0,0,0,0,0
2026-07-26 20:19:02,1740,29.52,29.71,29.84,29.74,29.72,0,0,0,0,0,0
2026-07-26 20:20:02,1800,29.80,29.72,29.79,29.73,29.71,0,0,0,0,0,0
2026-07-26 20:21:02,1860,29.72,29.70,29.73,29.71,29.70,0,0,0,0,0,0
2026-07-26 20:22:02,1920,29.71,29.71,29.69,29.70,29.73,0,0,0,0,0,0
2026-07-26 20:23:02,1980,29.71,29.71,29.70,29.73,29.71,0,0,0,0,0,0
2026-07-26 20:24:02,2040,29.70,29.71,29.71,29.71,29.70,0,0,0,0,0,0
2026-07-26 20:25:02,2100,29.74,29.74,29.74,29.70,29.74,0,0,0,0,0,0
2026-07-26 20:26:02,2160,29.71,29.70,29.70,29.71,29.70,0,0,0,0,0,0
2026-07-26 20:27:02,2220,29.71,29.71,29.70,29.71,29.71,0,0,0,0,0,0
2026-07-26 20:28:02,2280,29.70,29.70,29.73,29.70,29.71,0,0,0,0,0,0
2026-07-26 20:29:02,2340,29.71,29.72,29.70,29.71,29.73,0,0,0,0,0,0
2026-07-26 20:30:02,2400,29.71,29.71,29.71,29.72,29.71,0,0,0,0,0,0
2026-07-26 20:31:02,2460,29.71,29.72,29.72,29.70,29.70,0,0,0,0,0,0
2026-07-26 20:32:07,2525,5.91,5.71,5.84,5.48,29.71,0,0,0,0,0,4
2026-07-26 20:33:19,2597,29.87,29.92,29.90,30.02,29.70,0,0,0,0,0,0
2026-07-26 20:35:09,2707,29.94,29.99,30.03,29.91,29.96,0,0,0,0,0,0
2026-07-26 20:36:26,2777,6.55,9.63,0.50,2.63,2.86,0,0,0,0,0,5
2026-07-26 20:37:21,2838,28.09,28.60,29.03,29.44,29.17,0,0,0,0,0,0
2026-07-26 20:38:26,2901,15.00,0.58,1.32,0.95,22.82,0,0,0,0,0,4
2026-07-26 20:39:42,2979,26.90,28.83,29.32,29.17,29.39,0,0,0,0,0,0
2026-07-26 20:40:43,3040,28.97,29.58,29.36,28.85,28.77,0,0,0,0,0,0
2026-07-26 20:41:43,3101,1.49,1.59,10.10,28.57,29.69,0,0,0,0,0,3
2026-07-26 20:42:44,3162,29.57,29.30,29.39,28.66,29.28,0,0,0,0,0,0
2026-07-26 20:43:46,3223,2.50,1.92,1.93,2.14,1.81,0,0,0,0,0,5
2026-07-26 20:44:50,3287,1.75,2.09,2.16,2.92,2.37,0,0,0,0,0,5
2026-07-26 20:45:50,3348,2.55,3.33,3.33,3.48,20.73,0,0,0,0,0,4
2026-07-26 20:46:53,3410,28.08,25.19,26.78,1.79,1.85,0,0,0,0,0,2
2026-07-26 20:47:54,3472,28.11,6.92,6.59,23.79,1.98,0,0,0,0,0,3
2026-07-26 20:48:57,3534,23.99,27.36,17.66,18.53,1.87,0,0,0,0,0,3
2026-07-26 20:49:59,3597,1.14,1.14,1.14,0.72,0.72,0,0,0,0,0,5
2026-07-26 20:50:59,3657,29.71,29.73,29.71,29.71,29.70,0,0,0,0,0,0
2026-07-26 20:51:59,3717,29.73,29.71,29.71,29.71,29.71,0,0,0,0,0,0
2026-07-26 20:52:59,3777,29.71,29.71,29.71,29.71,29.70,0,0,0,0,0,0
2026-07-26 20:53:59,3837,29.71,29.73,29.71,29.70,29.73,0,0,0,0,0,0
2026-07-26 20:54:59,3897,29.73,29.71,29.73,29.71,29.70,0,0,0,0,0,0
2026-07-26 20:55:59,3957,29.71,29.71,29.71,29.73,29.70,0,0,0,0,0,0
2026-07-26 20:56:59,4017,29.71,29.71,29.71,29.71,29.71,0,0,0,0,0,0
2026-07-26 20:57:59,4077,29.71,29.73,29.70,29.71,29.73,0,0,0,0,0,0
2026-07-26 20:58:59,4137,29.73,29.71,29.73,29.71,29.71,0,0,0,0,0,0
2026-07-26 20:59:59,4197,29.70,29.70,29.71,29.73,29.71,0,0,0,0,0,0
2026-07-26 21:00:59,4257,29.71,29.71,29.71,29.71,29.70,0,0,0,0,0,0
2026-07-26 21:01:59,4317,29.71,29.71,29.71,29.71,29.71,0,0,0,0,0,0
2026-07-26 21:02:59,4377,29.71,29.71,29.71,29.71,29.70,0,0,0,0,0,0
2026-07-26 21:03:59,4437,29.71,29.71,29.71,29.71,29.71,0,0,0,0,0,0
2026-07-26 21:04:59,4497,29.70,29.73,29.70,29.71,29.73,0,0,0,0,0,0
2026-07-26 21:05:59,4557,29.71,29.71,29.71,29.71,29.71,0,0,0,0,0,0
2026-07-26 21:06:59,4617,29.71,29.71,29.70,29.73,29.70,0,0,0,0,0,0
2026-07-26 21:08:00,4677,29.71,29.71,29.71,29.71,29.71,0,0,0,0,0,0
2026-07-26 21:08:59,4737,29.71,29.73,29.71,29.71,29.73,0,0,0,0,0,0
2026-07-26 21:09:59,4797,29.73,29.71,29.73,29.70,29.70,0,0,0,0,0,0
2026-07-26 21:10:59,4857,29.71,29.71,29.71,29.71,29.70,0,0,0,0,0,0
2026-07-26 21:11:59,4917,29.71,29.71,29.71,29.71,29.73,0,0,0,0,0,0
2026-07-26 21:12:59,4977,29.71,29.71,29.71,29.70,29.70,0,0,0,0,0,0
2026-07-26 21:13:59,5037,29.71,29.71,29.71,29.73,29.71,0,0,0,0,0,0
2026-07-26 21:14:59,5097,29.71,29.71,29.71,29.71,29.71,0,0,0,0,0,0
2026-07-26 21:15:59,5157,29.71,29.73,29.71,29.71,29.73,0,0,0,0,0,0
2026-07-26 21:16:59,5217,29.73,29.71,29.73,29.71,29.71,0,0,0,0,0,0
2026-07-26 21:17:59,5277,29.70,29.71,29.71,29.71,29.70,0,0,0,0,0,0
2026-07-26 21:18:59,5337,29.70,29.70,29.71,29.71,29.71,0,0,0,0,0,0
2026-07-26 21:19:59,5397,29.71,29.71,29.71,29.71,29.73,0,0,0,0,0,0
2026-07-26 21:20:59,5457,29.71,29.71,29.71,29.71,29.71,0,0,0,0,0,0
2026-07-26 21:21:59,5517,29.71,29.71,29.71,29.70,29.71,0,0,0,0,0,0
2026-07-26 21:22:59,5577,29.71,29.73,29.71,29.71,29.70,0,0,0,0,0,0
2026-07-26 21:23:59,5637,29.73,29.71,29.73,29.71,29.71,0,0,0,0,0,0
2026-07-26 21:24:59,5697,29.71,29.71,29.71,29.73,29.71,0,0,0,0,0,0
2026-07-26 21:25:59,5757,29.71,29.71,29.71,29.71,29.70,0,0,0,0,0,0
2026-07-26 21:26:59,5817,29.71,29.71,29.71,29.71,29.73,0,0,0,0,0,0
2026-07-26 21:27:59,5877,29.71,29.71,29.71,29.71,29.71,0,0,0,0,0,0
2026-07-26 21:28:59,5937,29.71,29.71,29.71,29.71,29.71,0,0,0,0,0,0
2026-07-26 21:29:59,5997,29.71,29.73,29.71,29.71,29.71,0,0,0,0,0,0
2026-07-26 21:30:59,6057,29.71,29.73,29.71,29.71,29.73,0,0,0,0,0,0
2026-07-26 21:31:59,6117,29.70,29.71,29.73,29.73,29.70,0,0,0,0,0,0
2026-07-26 21:32:59,6177,29.71,29.71,29.71,29.71,29.70,0,0,0,0,0,0
2026-07-26 21:33:59,6237,29.71,29.73,29.71,29.70,29.73,0,0,0,0,0,0
2026-07-26 21:34:59,6297,29.73,29.71,29.73,29.71,29.70,0,0,0,0,0,0
2026-07-26 21:35:59,6357,29.71,29.71,29.71,29.71,29.70,0,0,0,0,0,0
2026-07-26 21:36:59,6417,29.71,29.71,29.71,29.71,29.71,0,0,0,0,0,0
2026-07-26 21:37:59,6477,29.71,29.70,29.71,29.71,29.73,0,0,0,0,0,0
2026-07-26 21:38:59,6537,29.71,29.71,29.73,29.73,29.71,0,0,0,0,0,0
2026-07-26 21:39:59,6597,29.71,29.71,29.71,29.71,29.71,0,0,0,0,0,0
2026-07-26 21:40:59,6657,29.71,29.73,29.71,29.71,29.73,0,0,0,0,0,0
2026-07-26 21:41:59,6717,29.73,29.71,29.71,29.71,29.71,0,0,0,0,0,0
2026-07-26 21:42:59,6777,29.70,29.71,29.71,29.71,29.70,0,0,0,0,0,0
2026-07-26 21:43:59,6837,29.71,29.71,29.71,29.71,29.70,0,0,0,0,0,0
2026-07-26 21:44:59,6897,29.73,29.71,29.71,29.71,29.73,0,0,0,0,0,0
2026-07-26 21:45:59,6957,29.71,29.71,29.73,29.73,29.71,0,0,0,0,0,0
2026-07-26 21:46:59,7017,29.71,29.71,29.71,29.71,29.70,0,0,0,0,0,0
2026-07-26 21:47:59,7077,29.71,29.73,29.71,29.71,29.71,0,0,0,0,0,0
2026-07-26 21:48:59,7137,29.73,29.71,29.71,29.71,29.70,0,0,0,0,0,0
2026-07-26 21:49:59,7197,29.71,29.71,29.71,29.71,29.71,0,0,0,0,0,0
2026-07-26 21:50:59,7257,29.71,29.70,29.71,29.71,29.70,0,0,0,0,0,0
2026-07-26 21:51:59,7317,29.71,29.71,29.71,29.71,29.71,0,0,0,0,0,0
2026-07-26 21:52:59,7377,29.71,29.71,29.73,29.71,29.73,0,0,0,0,0,0
2026-07-26 21:53:59,7437,29.71,29.71,29.71,29.71,29.70,0,0,0,0,0,0
2026-07-26 21:54:59,7497,29.71,29.73,29.70,29.71,29.71,0,0,0,0,0,0
2026-07-26 21:55:59,7557,29.73,29.71,29.73,29.70,29.74,0,0,0,0,0,0
2026-07-26 21:56:59,7617,29.71,29.71,29.70,29.73,29.70,0,0,0,0,0,0
2026-07-26 21:57:59,7677,29.71,29.71,29.71,29.71,29.70,0,0,0,0,0,0
2026-07-26 21:58:59,7737,29.73,29.71,29.71,29.71,29.70,0,0,0,0,0,0
2026-07-26 21:59:59,7797,29.73,29.71,29.71,29.71,29.73,0,0,0,0,0,0
2026-07-26 22:00:59,7857,29.71,29.71,29.71,29.71,29.70,0,0,0,0,0,0
2026-07-26 22:01:59,7917,29.71,29.71,29.71,29.71,29.71,0,0,0,0,0,0
2026-07-26 22:02:59,7977,29.71,29.73,29.71,29.71,29.71,0,0,0,0,0,0
2026-07-26 22:03:59,8037,29.71,29.70,29.73,29.73,29.71,0,0,0,0,0,0
2026-07-26 22:04:59,8097,29.71,29.71,29.71,29.71,29.70,0,0,0,0,0,0
2026-07-26 22:05:59,8157,29.71,29.73,29.71,29.71,29.71,0,0,0,0,0,0
2026-07-26 22:06:59,8217,29.73,29.70,29.71,29.71,29.73,0,0,0,0,0,0
2026-07-26 22:07:59,8277,29.71,29.71,29.71,29.71,29.71,0,0,0,0,0,0
2026-07-26 22:08:59,8337,29.71,29.71,29.71,29.71,29.71,0,0,0,0,0,0
2026-07-26 22:09:59,8397,29.73,29.71,29.71,29.71,29.70,0,0,0,0,0,0
2026-07-26 22:10:59,8457,29.71,29.71,29.73,29.73,29.71,0,0,0,0,0,0
2026-07-26 22:11:59,8517,29.71,29.71,29.70,29.71,29.71,0,0,0,0,0,0
2026-07-26 22:12:59,8577,29.71,29.73,29.70,29.70,29.70,0,0,0,0,0,0
2026-07-26 22:13:59,8637,29.74,29.71,29.71,29.71,29.71,0,0,0,0,0,0
2026-07-26 22:14:59,8697,29.71,29.71,29.71,29.73,29.70,0,0,0,0,0,0
2026-07-26 22:15:59,8757,29.71,29.71,29.71,29.70,29.70,0,0,0,0,0,0
2026-07-26 22:16:59,8817,29.73,29.71,29.71,29.71,29.70,0,0,0,0,0,0
2026-07-26 22:17:59,8877,29.71,29.71,29.73,29.71,29.73,0,0,0,0,0,0
2026-07-26 22:18:59,8937,29.71,29.71,29.71,29.73,29.71,0,0,0,0,0,0
2026-07-26 22:19:59,8997,29.71,29.73,29.71,29.71,29.71,0,0,0,0,0,0
2026-07-26 22:20:59,9057,29.73,29.71,29.71,29.71,29.71,0,0,0,0,0,0
2026-07-26 22:21:59,9117,29.71,29.71,29.71,29.73,29.70,0,0,0,0,0,0
2026-07-26 22:22:59,9177,29.71,29.71,29.71,29.71,29.71,0,0,0,0,0,0
2026-07-26 22:24:00,9238,29.73,29.71,29.71,29.71,29.70,0,0,0,0,0,0
2026-07-26 22:25:00,9298,29.71,29.71,29.73,29.71,29.73,0,0,0,0,0,0
2026-07-26 22:26:00,9358,29.71,29.71,29.71,29.71,29.71,0,0,0,0,0,0
2026-07-26 22:27:00,9418,29.71,29.73,29.71,29.71,29.71,0,0,0,0,0,0
2026-07-26 22:28:00,9478,29.73,29.71,29.71,29.71,29.70,0,0,0,0,0,0
2026-07-26 22:29:00,9538,29.71,29.71,29.71,29.73,29.71,0,0,0,0,0,0
2026-07-26 22:30:00,9598,29.71,29.71,29.71,29.71,29.71,0,0,0,0,0,0
2026-07-26 22:31:00,9658,29.71,29.71,29.71,29.71,29.71,0,0,0,0,0,0
2026-07-26 22:32:00,9718,29.71,29.71,29.72,29.71,29.73,0,0,0,0,0,0
2026-07-26 22:33:00,9778,29.71,29.70,29.71,29.73,29.70,0,0,0,0,0,0
2026-07-26 22:34:00,9838,29.71,29.73,29.71,29.71,29.70,0,0,0,0,0,0
2026-07-26 22:35:00,9898,29.70,29.73,29.71,29.71,29.71,0,0,0,0,0,0
2026-07-26 22:36:00,9958,29.73,29.71,29.73,29.73,29.70,0,0,0,0,0,0
2026-07-26 22:37:00,10018,29.71,29.70,29.71,29.71,29.70,0,0,0,0,0,0
2026-07-26 22:38:00,10078,29.71,29.70,29.71,29.71,29.70,0,0,0,0,0,0
2026-07-26 22:39:00,10138,29.73,29.71,29.71,29.71,29.73,0,0,0,0,0,0
2026-07-26 22:40:00,10198,29.71,29.71,29.73,29.73,29.70,0,0,0,0,0,0
2026-07-26 22:41:00,10258,29.71,29.71,29.71,29.70,29.70,0,0,0,0,0,0
2026-07-26 22:42:00,10318,29.71,29.73,29.71,29.71,29.71,0,0,0,0,0,0
2026-07-26 22:43:00,10378,29.71,29.71,29.71,29.73,29.71,0,0,0,0,0,0
2026-07-26 22:44:00,10438,29.71,29.71,29.70,29.71,29.71,0,0,0,0,0,0
2026-07-26 22:45:00,10498,29.71,29.74,29.71,29.71,29.71,0,0,0,0,0,0
2026-07-26 22:46:00,10558,29.73,29.70,29.71,29.71,29.73,0,0,0,0,0,0
2026-07-26 22:47:00,10618,29.71,29.71,29.73,29.71,29.73,0,0,0,0,0,0
2026-07-26 22:48:00,10678,29.71,29.71,29.71,29.71,29.70,0,0,0,0,0,0
2026-07-26 22:49:00,10738,29.71,29.73,29.71,29.71,29.70,0,0,0,0,0,0
2026-07-26 22:50:00,10798,29.71,29.71,29.71,29.71,29.73,0,0,0,0,0,0
2026-07-26 22:51:00,10858,29.71,29.71,29.73,29.73,29.71,0,0,0,0,0,0
2026-07-26 22:52:00,10918,29.71,29.73,29.71,29.70,29.71,0,0,0,0,0,0
2026-07-26 22:53:00,10978,29.73,29.71,29.71,29.71,29.71,0,0,0,0,0,0
2026-07-26 22:54:00,11038,29.71,29.71,29.73,29.73,29.73,0,0,0,0,0,0
2026-07-26 22:55:00,11098,29.71,29.71,29.70,29.71,29.71,0,0,0,0,0,0
2026-07-26 22:56:00,11158,29.71,29.73,29.71,29.71,29.71,0,0,0,0,0,0
2026-07-26 22:57:00,11218,29.71,29.70,29.70,29.71,29.73,0,0,0,0,0,0
2026-07-26 22:58:00,11278,29.70,29.71,29.73,29.73,29.71,0,0,0,0,0,0
2026-07-26 22:59:00,11338,29.70,29.71,29.70,29.71,29.71,0,0,0,0,0,0
2026-07-26 23:00:00,11398,29.71,29.73,29.71,29.70,29.70,0,0,0,0,0,0
2026-07-26 23:01:00,11458,29.73,29.71,29.71,29.71,29.73,0,0,0,0,0,0
2026-07-26 23:02:00,11518,29.71,29.71,29.73,29.71,29.71,0,0,0,0,0,0
2026-07-26 23:03:00,11578,29.71,29.71,29.71,29.71,29.71,0,0,0,0,0,0
2026-07-26 23:04:00,11638,29.73,29.71,29.71,29.71,29.73,0,0,0,0,0,0
2026-07-26 23:05:00,11698,29.71,29.71,29.73,29.73,29.70,0,0,0,0,0,0
2026-07-26 23:06:00,11758,29.71,29.70,29.71,29.71,29.70,0,0,0,0,0,0
2026-07-26 23:07:00,11818,29.71,29.73,29.71,29.71,29.71,0,0,0,0,0,0
2026-07-26 23:08:00,11878,29.73,29.71,29.71,29.71,29.73,0,0,0,0,0,0
2026-07-26 23:09:00,11938,29.71,29.71,29.73,29.71,29.70,0,0,0,0,0,0
2026-07-26 23:10:00,11998,29.71,29.73,29.71,29.71,29.71,0,0,0,0,0,0
2026-07-26 23:11:00,12058,29.73,29.71,29.71,29.71,29.73,0,0,0,0,0,0
2026-07-26 23:12:00,12118,29.71,29.71,29.73,29.73,29.70,0,0,0,0,0,0
2026-07-26 23:13:00,12178,29.71,29.70,29.71,29.71,29.71,0,0,0,0,0,0
2026-07-26 23:14:00,12238,29.70,29.71,29.71,29.71,29.70,0,0,0,0,0,0
2026-07-26 23:15:00,12298,29.73,29.71,29.71,29.71,29.70,0,0,0,0,0,0
2026-07-26 23:16:00,12358,29.71,29.71,29.73,29.71,29.70,0,0,0,0,0,0
2026-07-26 23:17:00,12418,29.71,29.73,29.71,29.71,29.71,0,0,0,0,0,0
2026-07-26 23:18:00,12478,29.71,29.71,29.71,29.71,29.70,0,0,0,0,0,0
2026-07-26 23:19:00,12538,29.71,29.71,29.71,29.71,29.73,0,0,0,0,0,0
2026-07-26 23:20:00,12598,29.71,29.71,29.71,29.73,29.70,0,0,0,0,0,0
2026-07-26 23:21:00,12658,29.70,29.71,29.71,29.71,29.71,0,0,0,0,0,0
2026-07-26 23:22:00,12718,29.73,29.71,29.71,29.71,29.71,0,0,0,0,0,0
2026-07-26 23:23:00,12778,29.70,29.71,29.73,29.73,29.70,0,0,0,0,0,0
2026-07-26 23:24:00,12838,29.71,29.70,29.71,29.71,29.71,0,0,0,0,0,0
2026-07-26 23:25:00,12898,29.71,29.73,29.71,29.71,29.70,0,0,0,0,0,0
2026-07-26 23:26:00,12958,29.73,29.71,29.71,29.71,29.73,0,0,0,0,0,0
2026-07-26 23:27:00,13018,29.71,29.71,29.73,29.73,29.71,0,0,0,0,0,0
2026-07-26 23:28:00,13078,29.71,29.73,29.71,29.71,29.71,0,0,0,0,0,0
2026-07-26 23:29:00,13138,29.71,29.71,29.70,29.71,29.71,0,0,0,0,0,0
2026-07-26 23:30:00,13198,29.71,29.71,29.71,29.71,29.71,0,0,0,0,0,0
2026-07-26 23:31:00,13258,29.71,29.71,29.70,29.71,29.71,0,0,0,0,0,0
2026-07-26 23:32:00,13318,29.71,29.71,29.70,29.71,29.71,0,0,0,0,0,0
2026-07-26 23:33:00,13378,29.73,29.71,29.71,29.71,29.73,0,0,0,0,0,0
2026-07-26 23:34:00,13438,29.71,29.70,29.73,29.73,29.71,0,0,0,0,0,0
2026-07-26 23:35:00,13498,29.71,29.73,29.71,29.71,29.70,0,0,0,0,0,0
2026-07-26 23:36:00,13558,29.73,29.71,29.71,29.71,29.70,0,0,0,0,0,0
2026-07-26 23:37:00,13618,29.71,29.71,29.71,29.73,29.71,0,0,0,0,0,0
2026-07-26 23:38:00,13678,29.71,29.71,29.71,29.71,29.70,0,0,0,0,0,0
2026-07-26 23:39:00,13738,29.71,29.71,29.71,29.71,29.71,0,0,0,0,0,0
2026-07-26 23:40:00,13798,29.73,29.71,29.71,29.71,29.73,0,0,0,0,0,0
2026-07-26 23:41:00,13858,29.71,29.71,29.73,29.73,29.70,0,0,0,0,0,0
2026-07-26 23:42:00,13918,29.71,29.73,29.71,29.70,29.71,0,0,0,0,0,0
2026-07-26 23:43:00,13978,29.71,29.71,29.71,29.71,29.70,0,0,0,0,0,0
2026-07-26 23:44:00,14038,29.70,29.71,29.71,29.71,29.71,0,0,0,0,0,0
2026-07-26 23:45:00,14098,29.71,29.71,29.71,29.73,29.70,0,0,0,0,0,0
2026-07-26 23:46:00,14158,29.71,29.71,29.71,29.71,29.70,0,0,0,0,0,0
2026-07-26 23:47:00,14218,29.73,29.71,29.71,29.71,29.71,0,0,0,0,0,0
2026-07-26 23:48:00,14278,29.71,29.71,29.73,29.71,29.73,0,0,0,0,0,0
2026-07-26 23:49:00,14338,29.71,29.73,29.71,29.71,29.71,0,0,0,0,0,0
2026-07-26 23:50:00,14398,29.71,29.71,29.71,29.71,29.71,0,0,0,0,0,0
2026-07-26 23:51:00,14458,29.70,29.71,29.71,29.71,29.71,0,0,0,0,0,0
2026-07-26 23:52:00,14518,29.71,29.71,29.71,29.73,29.71,0,0,0,0,0,0
2026-07-26 23:53:00,14578,29.71,29.73,29.71,29.71,29.71,0,0,0,0,0,0
2026-07-26 23:54:00,14638,29.71,29.71,29.71,29.71,29.71,0,0,0,0,0,0
2026-07-26 23:55:00,14698,29.71,29.71,29.71,29.71,29.73,0,0,0,0,0,0
2026-07-26 23:56:00,14758,29.71,29.71,29.73,29.73,29.70,0,0,0,0,0,0
2026-07-26 23:57:00,14818,29.71,29.73,29.71,29.71,29.70,0,0,0,0,0,0
2026-07-26 23:58:00,14878,29.73,29.71,29.71,29.71,29.70,0,0,0,0,0,0
2026-07-26 23:59:00,14938,29.71,29.71,29.71,29.73,29.71,0,0,0,0,0,0
2026-07-27 00:00:00,14998,29.71,29.73,29.71,29.71,29.71,0,0,0,0,0,0
2026-07-27 00:01:00,15058,29.71,29.71,29.71,29.71,29.70,0,0,0,0,0,0
2026-07-27 00:02:00,15118,29.71,29.71,29.71,29.71,29.73,0,0,0,0,0,0
2026-07-27 00:03:00,15178,29.71,29.71,29.73,29.73,29.70,0,0,0,0,0,0
2026-07-27 00:04:00,15238,29.71,29.73,29.70,29.71,29.70,0,0,0,0,0,0
2026-07-27 00:05:00,15298,29.73,29.71,29.71,29.71,29.71,0,0,0,0,0,0
2026-07-27 00:06:00,15358,29.71,29.71,29.71,29.73,29.71,0,0,0,0,0,0
2026-07-27 00:07:00,15418,29.71,29.73,29.71,29.71,29.70,0,0,0,0,0,0
2026-07-27 00:08:00,15478,29.71,29.71,29.71,29.71,29.70,0,0,0,0,0,0
2026-07-27 00:09:00,15538,29.71,29.71,29.71,29.71,29.72,0,0,0,0,0,0
2026-07-27 00:10:00,15598,29.71,29.71,29.73,29.73,29.70,0,0,0,0,0,0
2026-07-27 00:11:00,15658,29.71,29.71,29.71,29.71,29.71,0,0,0,0,0,0
2026-07-27 00:12:00,15718,29.73,29.71,29.71,29.71,29.71,0,0,0,0,0,0
2026-07-27 00:13:00,15778,29.71,29.71,29.71,29.70,29.71,0,0,0,0,0,0
2026-07-27 00:14:00,15838,29.71,29.73,29.73,29.73,29.71,0,0,0,0,0,0
2026-07-27 00:15:00,15898,29.71,29.71,29.71,29.71,29.71,0,0,0,0,0,0
2026-07-27 00:16:00,15958,29.71,29.71,29.71,29.71,29.70,0,0,0,0,0,0
2026-07-27 00:17:00,16018,29.71,29.71,29.71,29.71,29.73,0,0,0,0,0,0
2026-07-27 00:18:00,16078,29.71,29.71,29.71,29.71,29.71,0,0,0,0,0,0
2026-07-27 00:19:00,16138,29.73,29.71,29.71,29.70,29.71,0,0,0,0,0,0
2026-07-27 00:20:00,16198,29.73,29.71,29.71,29.71,29.70,0,0,0,0,0,0
2026-07-27 00:21:00,16258,29.71,29.71,29.71,29.74,29.71,0,0,0,0,0,0
2026-07-27 00:22:00,16318,29.71,29.71,29.73,29.71,29.70,0,0,0,0,0,0
2026-07-27 00:23:00,16378,29.73,29.71,29.71,29.71,29.70,0,0,0,0,0,0
2026-07-27 00:24:00,16438,29.71,29.71,29.71,29.71,29.73,0,0,0,0,0,0
2026-07-27 00:25:00,16498,29.71,29.73,29.73,29.71,29.71,0,0,0,0,0,0
2026-07-27 00:26:00,16558,29.71,29.71,29.71,29.71,29.71,0,0,0,0,0,0
2026-07-27 00:27:00,16618,29.73,29.71,29.71,29.71,29.71,0,0,0,0,0,0
2026-07-27 00:28:00,16678,29.71,29.71,29.71,29.73,29.71,0,0,0,0,0,0
2026-07-27 00:29:00,16738,29.71,29.73,29.71,29.70,29.71,0,0,0,0,0,0
2026-07-27 00:30:00,16798,29.73,29.71,29.71,29.71,29.71,0,0,0,0,0,0
2026-07-27 00:31:00,16858,29.71,29.71,29.71,29.71,29.73,0,0,0,0,0,0
2026-07-27 00:32:00,16918,29.71,29.73,29.73,29.71,29.71,0,0,0,0,0,0
2026-07-27 00:33:00,16978,29.71,29.71,29.71,29.71,29.71,0,0,0,0,0,0
2026-07-27 00:34:00,17038,29.71,29.71,29.71,29.70,29.71,0,0,0,0,0,0
2026-07-27 00:35:00,17098,29.70,29.71,29.71,29.73,29.71,0,0,0,0,0,0
2026-07-27 00:36:00,17158,29.71,29.71,29.73,29.70,29.70,0,0,0,0,0,0
2026-07-27 00:37:00,17218,29.73,29.71,29.71,29.70,29.70,0,0,0,0,0,0
2026-07-27 00:38:00,17278,29.71,29.71,29.71,29.71,29.70,0,0,0,0,0,0
2026-07-27 00:39:00,17338,29.71,29.73,29.70,29.73,29.71,0,0,0,0,0,0
2026-07-27 00:40:00,17398,29.70,29.71,29.71,29.71,29.71,0,0,0,0,0,0
2026-07-27 00:41:00,17458,29.71,29.71,29.71,29.71,29.70,0,0,0,0,0,0
2026-07-27 00:42:00,17518,29.71,29.70,29.71,29.71,29.73,0,0,0,0,0,0
2026-07-27 00:43:00,17578,29.71,29.71,29.73,29.73,29.71,0,0,0,0,0,0
2026-07-27 00:44:00,17638,29.73,29.71,29.71,29.71,29.70,0,0,0,0,0,0
2026-07-27 00:45:00,17698,29.71,29.70,29.71,29.71,29.70,0,0,0,0,0,0
2026-07-27 00:46:01,17758,29.71,29.73,29.71,29.73,29.73,0,0,0,0,0,0
2026-07-27 00:47:00,17818,29.71,29.71,29.71,29.71,29.71,0,0,0,0,0,0
2026-07-27 00:48:00,17878,29.73,29.71,29.71,29.71,29.70,0,0,0,0,0,0
2026-07-27 00:49:00,17938,29.71,29.71,29.71,29.71,29.70,0,0,0,0,0,0
2026-07-27 00:50:00,17998,29.71,29.73,29.71,29.73,29.71,0,0,0,0,0,0
2026-07-27 00:51:00,18058,29.71,29.71,29.73,29.70,29.71,0,0,0,0,0,0
2026-07-27 00:52:00,18118,29.73,29.71,29.71,29.71,29.70,0,0,0,0,0,0
2026-07-27 00:53:00,18178,29.71,29.70,29.71,29.73,29.73,0,0,0,0,0,0
2026-07-27 00:54:00,18238,29.71,29.71,29.71,29.70,29.70,0,0,0,0,0,0
2026-07-27 00:55:00,18298,29.73,29.71,29.71,29.71,29.70,0,0,0,0,0,0
2026-07-27 00:56:00,18358,29.71,29.71,29.71,29.71,29.73,0,0,0,0,0,0
2026-07-27 00:57:00,18418,29.71,29.73,29.71,29.73,29.70,0,0,0,0,0,0
2026-07-27 00:58:00,18478,29.71,29.71,29.73,29.71,29.71,0,0,0,0,0,0
2026-07-27 00:59:00,18538,29.73,29.71,29.71,29.71,29.51,0,0,0,0,0,0
2026-07-27 01:00:00,18598,29.71,29.71,29.71,29.71,29.72,0,0,0,0,0,0
2026-07-27 01:01:00,18658,29.71,29.71,29.71,29.71,29.70,0,0,0,0,0,0
2026-07-27 01:02:00,18718,29.73,29.71,29.71,29.71,29.71,0,0,0,0,0,0
2026-07-27 01:03:00,18778,29.71,29.71,29.71,29.71,29.70,0,0,0,0,0,0
2026-07-27 01:04:00,18838,29.71,29.73,29.71,29.73,29.73,0,0,0,0,0,0
2026-07-27 01:05:00,18898,29.71,29.71,29.73,29.71,29.70,0,0,0,0,0,0
2026-07-27 01:06:00,18958,29.73,29.71,29.70,29.71,29.71,0,0,0,0,0,0
2026-07-27 01:07:00,19018,29.71,29.71,29.71,29.71,29.71,0,0,0,0,0,0
2026-07-27 01:08:00,19078,29.71,29.71,29.73,29.73,29.73,0,0,0,0,0,0
2026-07-27 01:09:00,19138,29.71,29.71,29.71,29.71,29.71,0,0,0,0,0,0
2026-07-27 01:10:00,19198,29.71,29.71,29.71,29.71,29.71,0,0,0,0,0,0
2026-07-27 01:11:00,19258,29.71,29.73,29.71,29.71,29.73,0,0,0,0,0,0
2026-07-27 01:12:00,19318,29.70,29.71,29.73,29.73,29.70,0,0,0,0,0,0
2026-07-27 01:13:00,19378,29.73,29.71,29.71,29.71,29.70,0,0,0,0,0,0
2026-07-27 01:14:00,19438,29.71,29.73,29.71,29.71,29.70,0,0,0,0,0,0
2026-07-27 01:15:00,19498,29.71,29.71,29.71,29.73,29.73,0,0,0,0,0,0
2026-07-27 01:16:00,19558,29.71,29.71,29.70,29.71,29.71,0,0,0,0,0,0
2026-07-27 01:17:00,19618,29.73,29.71,29.71,29.71,29.70,0,0,0,0,0,0
2026-07-27 01:18:00,19678,29.71,29.71,29.71,29.71,29.73,0,0,0,0,0,0
2026-07-27 01:19:00,19738,29.71,29.71,29.71,29.73,29.71,0,0,0,0,0,0
2026-07-27 01:20:00,19798,29.71,29.71,29.71,29.71,29.70,0,0,0,0,0,0
2026-07-27 01:21:00,19858,29.73,29.70,29.71,29.71,29.71,0,0,0,0,0,0
2026-07-27 01:22:00,19918,29.71,29.73,29.71,29.73,29.73,0,0,0,0,0,0
2026-07-27 01:23:00,19978,29.71,29.71,29.73,29.71,29.70,0,0,0,0,0,0
2026-07-27 01:24:00,20038,29.73,29.70,29.71,29.71,29.70,0,0,0,0,0,0
2026-07-27 01:25:00,20098,29.71,29.71,29.71,29.71,29.71,0,0,0,0,0,0
2026-07-27 01:26:00,20158,29.71,29.71,29.71,29.73,29.71,0,0,0,0,0,0
2026-07-27 01:27:00,20218,29.71,29.71,29.73,29.71,29.71,0,0,0,0,0,0
2026-07-27 01:28:00,20278,29.73,29.71,29.71,29.71,29.70,0,0,0,0,0,0
2026-07-27 01:29:00,20338,29.71,29.72,29.71,29.71,29.70,0,0,0,0,0,0
2026-07-27 01:30:00,20398,29.71,29.71,29.71,29.71,29.73,0,0,0,0,0,0
2026-07-27 01:31:00,20458,29.73,29.71,29.71,29.71,29.70,0,0,0,0,0,0
2026-07-27 01:32:00,20518,29.71,29.71,29.71,29.71,29.70,0,0,0,0,0,0
2026-07-27 01:33:00,20578,29.71,29.71,29.71,29.73,29.73,0,0,0,0,0,0
2026-07-27 01:34:00,20638,29.70,29.71,29.73,29.71,29.71,0,0,0,0,0,0
2026-07-27 01:35:00,20698,29.73,29.71,29.71,29.71,29.70,0,0,0,0,0,0
2026-07-27 01:36:00,20758,29.71,29.73,29.71,29.73,29.71,0,0,0,0,0,0
2026-07-27 01:37:00,20818,29.71,29.71,29.73,29.73,29.73,0,0,0,0,0,0
2026-07-27 01:38:00,20878,29.70,29.70,29.71,29.71,29.70,0,0,0,0,0,0
2026-07-27 01:39:00,20938,29.71,29.71,29.71,29.71,29.71,0,0,0,0,0,0
2026-07-27 01:40:00,20998,29.71,29.71,29.71,29.73,29.71,0,0,0,0,0,0
2026-07-27 01:41:00,21058,29.71,29.71,29.73,29.71,29.69,0,0,0,0,0,0
2026-07-27 01:42:00,21118,29.73,29.71,29.71,29.71,29.71,0,0,0,0,0,0
2026-07-27 01:43:00,21178,29.71,29.73,29.71,29.71,29.70,0,0,0,0,0,0
2026-07-27 01:44:00,21238,29.71,29.71,29.73,29.73,29.73,0,0,0,0,0,0
2026-07-27 01:45:00,21298,29.71,29.71,29.73,29.71,29.51,0,0,0,0,0,0
2026-07-27 01:46:00,21358,29.71,29.71,29.71,29.71,29.70,0,0,0,0,0,0
2026-07-27 01:47:00,21418,29.71,29.73,29.71,29.71,29.71,0,0,0,0,0,0
2026-07-27 01:48:00,21478,29.71,29.70,29.71,29.71,29.71,0,0,0,0,0,0
2026-07-27 01:49:00,21538,29.71,29.71,29.71,29.71,29.70,0,0,0,0,0,0
2026-07-27 01:50:00,21598,29.73,29.71,29.71,29.71,29.70,0,0,0,0,0,0
2026-07-27 01:51:00,21658,29.71,29.70,29.71,29.73,29.73,0,0,0,0,0,0
2026-07-27 01:52:00,21718,29.71,29.71,29.73,29.71,29.71,0,0,0,0,0,0
2026-07-27 01:53:00,21778,29.73,29.71,29.71,29.71,29.70,0,0,0,0,0,0
2026-07-27 01:54:00,21838,29.71,29.73,29.71,29.73,29.71,0,0,0,0,0,0
2026-07-27 01:55:00,21898,29.71,29.71,29.71,29.71,29.71,0,0,0,0,0,0
2026-07-27 01:56:00,21958,29.71,29.71,29.71,29.71,29.71,0,0,0,0,0,0
2026-07-27 01:57:00,22018,29.73,29.71,29.71,29.71,29.71,0,0,0,0,0,0
2026-07-27 01:58:00,22078,29.71,29.71,29.70,29.73,29.73,0,0,0,0,0,0
2026-07-27 01:59:00,22138,29.71,29.71,29.73,29.71,29.71,0,0,0,0,0,0
2026-07-27 02:00:00,22198,29.73,29.71,29.71,29.70,29.71,0,0,0,0,0,0
2026-07-27 02:01:01,22259,29.71,29.73,29.71,29.71,29.70,0,0,0,0,0,0
2026-07-27 02:02:01,22319,29.71,29.71,29.71,29.71,29.70,0,0,0,0,0,0
2026-07-27 02:03:01,22379,29.71,29.71,29.73,29.71,29.70,0,0,0,0,0,0
2026-07-27 02:04:01,22439,29.73,29.73,29.71,29.71,29.71,0,0,0,0,0,0
2026-07-27 02:05:01,22499,29.71,29.71,29.71,29.73,29.71,0,0,0,0,0,0
2026-07-27 02:06:01,22559,29.71,29.71,29.71,29.71,29.73,0,0,0,0,0,0
2026-07-27 02:07:01,22619,29.73,29.71,29.71,29.71,29.71,0,0,0,0,0,0
2026-07-27 02:08:01,22679,29.70,29.73,29.71,29.71,29.71,0,0,0,0,0,0
2026-07-27 02:09:01,22739,29.70,29.71,29.71,29.73,29.70,0,0,0,0,0,0
2026-07-27 02:10:01,22799,29.71,29.71,29.73,29.71,29.71,0,0,0,0,0,0
2026-07-27 02:11:01,22859,29.71,29.73,29.70,29.71,29.71,0,0,0,0,0,0
2026-07-27 02:12:01,22919,29.71,29.71,29.71,29.71,29.70,0,0,0,0,0,0
2026-07-27 02:13:01,22979,29.71,29.71,29.71,29.70,29.73,0,0,0,0,0,0
2026-07-27 02:14:01,23039,29.73,29.71,29.71,29.71,29.71,0,0,0,0,0,0
2026-07-27 02:15:01,23099,29.71,29.71,29.71,29.71,29.71,0,0,0,0,0,0
2026-07-27 02:16:01,23159,29.71,29.71,29.71,29.73,29.70,0,0,0,0,0,0
2026-07-27 02:17:01,23219,29.70,29.71,29.71,29.71,29.71,0,0,0,0,0,0
2026-07-27 02:18:01,23279,29.73,29.71,29.71,29.71,29.71,0,0,0,0,0,0
2026-07-27 02:19:01,23339,29.71,29.73,29.71,29.71,29.71,0,0,0,0,0,0
2026-07-27 02:20:01,23399,29.71,29.71,29.71,29.70,29.73,0,0,0,0,0,0
2026-07-27 02:21:01,23459,29.71,29.71,29.73,29.71,29.71,0,0,0,0,0,0
2026-07-27 02:22:01,23519,29.73,29.73,29.71,29.71,29.70,0,0,0,0,0,0
2026-07-27 02:23:01,23579,29.71,29.71,29.71,29.73,29.71,0,0,0,0,0,0
2026-07-27 02:24:01,23639,29.71,29.71,29.71,29.71,29.70,0,0,0,0,0,0
2026-07-27 02:25:01,23699,29.73,29.71,29.73,29.71,29.71,0,0,0,0,0,0
2026-07-27 02:26:01,23759,29.71,29.73,29.71,29.71,29.70,0,0,0,0,0,0
2026-07-27 02:27:01,23819,29.71,29.70,29.70,29.71,29.73,0,0,0,0,0,0
2026-07-27 02:28:01,23879,29.71,29.70,29.71,29.71,29.70,0,0,0,0,0,0
2026-07-27 02:29:01,23939,29.73,29.73,29.71,29.71,29.71,0,0,0,0,0,0
2026-07-27 02:30:01,23999,29.71,29.71,29.71,29.73,29.70,0,0,0,0,0,0
2026-07-27 02:31:01,24059,29.71,29.71,29.71,29.70,29.70,0,0,0,0,0,0
2026-07-27 02:32:01,24119,29.73,29.71,29.73,29.71,29.70,0,0,0,0,0,0
2026-07-27 02:33:01,24179,29.71,29.71,29.71,29.71,29.71,0,0,0,0,0,0
2026-07-27 02:34:01,24239,29.71,29.71,29.71,29.73,29.70,0,0,0,0,0,0
2026-07-27 02:35:01,24299,29.71,29.71,29.71,29.71,29.71,0,0,0,0,0,0
2026-07-27 02:36:01,24359,29.73,29.73,29.71,29.71,29.71,0,0,0,0,0,0
2026-07-27 02:37:01,24419,29.71,29.70,29.71,29.71,29.70,0,0,0,0,0,0
2026-07-27 02:38:01,24479,29.70,29.71,29.71,29.73,29.73,0,0,0,0,0,0
2026-07-27 02:39:01,24539,29.73,29.71,29.73,29.71,29.70,0,0,0,0,0,0
2026-07-27 02:40:01,24599,29.71,29.71,29.71,29.71,29.71,0,0,0,0,0,0
2026-07-27 02:41:01,24659,29.71,29.70,29.71,29.70,29.71,0,0,0,0,0,0
2026-07-27 02:42:01,24719,29.70,29.71,29.71,29.70,29.73,0,0,0,0,0,0
2026-07-27 02:43:01,24779,29.73,29.73,29.71,29.71,29.70,0,0,0,0,0,0
2026-07-27 02:44:01,24839,29.70,29.71,29.71,29.70,29.70,0,0,0,0,0,0
2026-07-27 02:45:01,24899,29.71,29.71,29.71,29.73,29.71,0,0,0,0,0,0
2026-07-27 02:46:01,24959,29.71,29.71,29.71,29.70,29.71,0,0,0,0,0,0
2026-07-27 02:47:01,25019,29.73,29.73,29.73,29.71,29.70,0,0,0,0,0,0
2026-07-27 02:48:01,25079,29.71,29.71,29.71,29.71,29.70,0,0,0,0,0,0
2026-07-27 02:49:01,25139,29.71,29.70,29.71,29.71,29.73,0,0,0,0,0,0
2026-07-27 02:50:01,25199,29.73,29.71,29.71,29.71,29.71,0,0,0,0,0,0
2026-07-27 02:51:01,25259,29.70,29.73,29.71,29.71,29.70,0,0,0,0,0,0
2026-07-27 02:52:01,25319,29.70,29.71,29.70,29.73,29.70,0,0,0,0,0,0
2026-07-27 02:53:01,25379,29.70,29.71,29.70,29.70,29.70,0,0,0,0,0,0
2026-07-27 02:54:01,25439,29.73,29.73,29.73,29.71,29.71,0,0,0,0,0,0
2026-07-27 02:55:01,25499,29.71,29.70,29.71,29.73,29.70,0,0,0,0,0,0
2026-07-27 02:56:01,25559,29.71,29.71,29.71,29.71,29.73,0,0,0,0,0,0
2026-07-27 02:57:01,25619,29.72,29.71,29.70,29.71,29.71,0,0,0,0,0,0
2026-07-27 02:58:01,25679,29.71,29.71,29.71,29.71,29.70,0,0,0,0,0,0
2026-07-27 02:59:01,25739,29.71,29.70,29.71,29.73,29.70,0,0,0,0,0,0
2026-07-27 03:00:01,25799,29.71,29.71,29.71,29.71,29.73,0,0,0,0,0,0
2026-07-27 03:01:01,25859,29.73,29.73,29.72,29.71,29.71,0,0,0,0,0,0
2026-07-27 03:02:01,25919,29.71,29.71,29.71,29.71,29.71,0,0,0,0,0,0
2026-07-27 03:03:01,25979,29.71,29.71,29.71,29.71,29.71,0,0,0,0,0,0
2026-07-27 03:04:01,26039,29.73,29.71,29.71,29.71,29.71,0,0,0,0,0,0
2026-07-27 03:05:01,26099,29.71,29.71,29.71,29.71,29.71,0,0,0,0,0,0
2026-07-27 03:06:01,26159,29.71,29.71,29.70,29.71,29.71,0,0,0,0,0,0
2026-07-27 03:07:01,26219,29.71,29.70,29.71,29.71,29.73,0,0,0,0,0,0
2026-07-27 03:08:01,26279,29.74,29.73,29.73,29.71,29.71,0,0,0,0,0,0
2026-07-27 03:09:01,26339,29.71,29.71,29.71,29.71,29.70,0,0,0,0,0,0
2026-07-27 03:10:01,26399,29.71,29.71,29.71,29.73,29.70,0,0,0,0,0,0
2026-07-27 03:11:01,26459,29.71,29.71,29.71,29.71,29.73,0,0,0,0,0,0
2026-07-27 03:12:01,26519,29.73,29.73,29.73,29.70,29.70,0,0,0,0,0,0
2026-07-27 03:13:01,26579,29.71,29.71,29.71,29.71,29.70,0,0,0,0,0,0
2026-07-27 03:14:01,26639,29.71,29.71,29.70,29.73,29.73,0,0,0,0,0,0
2026-07-27 03:15:01,26699,29.71,29.71,29.71,29.71,29.70,0,0,0,0,0,0
2026-07-27 03:16:01,26759,29.71,29.71,29.73,29.70,29.71,0,0,0,0,0,0
2026-07-27 03:17:01,26819,29.71,29.71,29.71,29.73,29.70,0,0,0,0,0,0
2026-07-27 03:18:02,26879,29.71,29.70,29.71,29.71,29.73,0,0,0,0,0,0
2026-07-27 03:19:01,26939,29.73,29.73,29.71,29.71,29.70,0,0,0,0,0,0
2026-07-27 03:20:01,26999,29.71,29.71,29.71,29.71,29.71,0,0,0,0,0,0
2026-07-27 03:21:01,27059,29.71,29.71,29.71,29.73,29.73,0,0,0,0,0,0
2026-07-27 03:22:01,27119,29.70,29.71,29.71,29.71,29.70,0,0,0,0,0,0
2026-07-27 03:23:01,27179,29.71,29.71,29.73,29.70,29.71,0,0,0,0,0,0
2026-07-27 03:24:01,27239,29.71,29.71,29.71,29.73,29.71,0,0,0,0,0,0
2026-07-27 03:25:01,27299,29.71,29.71,29.71,29.71,29.73,0,0,0,0,0,0
2026-07-27 03:26:01,27359,29.73,29.73,29.71,29.71,29.71,0,0,0,0,0,0
2026-07-27 03:27:01,27419,29.71,29.71,29.73,29.71,29.70,0,0,0,0,0,0
2026-07-27 03:28:01,27479,29.71,29.71,29.71,29.73,29.71,0,0,0,0,0,0
2026-07-27 03:29:01,27539,29.71,29.73,29.71,29.71,29.73,0,0,0,0,0,0
2026-07-27 03:30:01,27599,29.71,29.71,29.73,29.71,29.71,0,0,0,0,0,0
2026-07-27 03:31:01,27659,29.71,29.71,29.71,29.71,29.71,0,0,0,0,0,0
2026-07-27 03:32:01,27719,29.70,29.71,29.71,29.73,29.71,0,0,0,0,0,0
2026-07-27 03:33:01,27779,29.73,29.73,29.71,29.71,29.71,0,0,0,0,0,0
2026-07-27 03:34:01,27839,29.71,29.71,29.73,29.71,29.70,0,0,0,0,0,0
2026-07-27 03:35:01,27899,29.70,29.71,29.71,29.71,29.71,0,0,0,0,0,0
2026-07-27 03:36:01,27959,29.71,29.73,29.71,29.70,29.73,0,0,0,0,0,0
2026-07-27 03:37:01,28019,29.73,29.71,29.73,29.71,29.70,0,0,0,0,0,0
2026-07-27 03:38:01,28079,29.71,29.71,29.71,29.71,29.71,0,0,0,0,0,0
2026-07-27 03:39:01,28139,29.71,29.71,29.71,29.73,29.70,0,0,0,0,0,0
2026-07-27 03:40:01,28199,29.73,29.73,29.71,29.71,29.71,0,0,0,0,0,0
2026-07-27 03:41:01,28259,29.73,29.71,29.71,29.71,29.70,0,0,0,0,0,0
2026-07-27 03:42:01,28319,29.71,29.71,29.70,29.71,29.70,0,0,0,0,0,0
2026-07-27 03:43:01,28379,29.71,29.70,29.71,29.71,29.74,0,0,0,0,0,0
2026-07-27 03:44:01,28439,29.73,29.73,29.71,29.71,29.70,0,0,0,0,0,0
2026-07-27 03:45:01,28499,29.70,29.71,29.73,29.71,29.71,0,0,0,0,0,0
2026-07-27 03:46:01,28559,29.71,29.71,29.71,29.73,29.71,0,0,0,0,0,0
2026-07-27 03:47:01,28619,29.71,29.73,29.71,29.70,29.70,0,0,0,0,0,0
2026-07-27 03:48:01,28679,29.71,29.71,29.71,29.71,29.71,0,0,0,0,0,0
2026-07-27 03:49:01,28739,29.71,29.71,29.71,29.71,29.71,0,0,0,0,0,0
2026-07-27 03:50:01,28799,29.71,29.71,29.71,29.71,29.73,0,0,0,0,0,0
2026-07-27 03:51:01,28859,29.73,29.73,29.71,29.71,29.70,0,0,0,0,0,0
2026-07-27 03:52:01,28919,29.71,29.71,29.73,29.71,29.71,0,0,0,0,0,0
2026-07-27 03:53:01,28979,29.70,29.70,29.71,29.73,29.70,0,0,0,0,0,0
2026-07-27 03:54:01,29039,29.71,29.73,29.71,29.71,29.73,0,0,0,0,0,0
2026-07-27 03:55:01,29099,29.73,29.71,29.71,29.71,29.71,0,0,0,0,0,0
2026-07-27 03:56:01,29159,29.71,29.71,29.71,29.71,29.71,0,0,0,0,0,0
2026-07-27 03:57:01,29219,29.70,29.71,29.71,29.73,29.70,0,0,0,0,0,0
2026-07-27 03:58:01,29279,29.74,29.71,29.71,29.71,29.73,0,0,0,0,0,0
2026-07-27 03:59:01,29339,29.71,29.71,29.73,29.71,29.71,0,0,0,0,0,0
2026-07-27 04:00:01,29399,29.71,29.71,29.71,29.71,29.71,0,0,0,0,0,0
2026-07-27 04:01:01,29459,29.71,29.73,29.71,29.73,29.73,0,0,0,0,0,0
2026-07-27 04:02:01,29519,29.73,29.71,29.71,29.71,29.70,0,0,0,0,0,0
2026-07-27 04:03:01,29579,29.71,29.71,29.73,29.71,29.70,0,0,0,0,0,0
2026-07-27 04:04:01,29639,29.71,29.71,29.71,29.73,29.71,0,0,0,0,0,0
2026-07-27 04:05:01,29699,29.73,29.71,29.71,29.71,29.73,0,0,0,0,0,0
2026-07-27 04:06:01,29759,29.70,29.71,29.73,29.71,29.70,0,0,0,0,0,0
2026-07-27 04:07:01,29819,29.71,29.71,29.71,29.71,29.51,0,0,0,0,0,0
2026-07-27 04:08:01,29879,29.71,29.73,29.71,29.73,29.71,0,0,0,0,0,0
2026-07-27 04:09:01,29939,29.71,29.70,29.71,29.71,29.70,0,0,0,0,0,0
2026-07-27 04:10:01,29999,29.71,29.71,29.71,29.70,29.70,0,0,0,0,0,0
2026-07-27 04:11:01,30059,29.70,29.71,29.71,29.73,29.70,0,0,0,0,0,0
2026-07-27 04:12:01,30119,29.70,29.73,29.71,29.71,29.73,0,0,0,0,0,0
2026-07-27 04:13:01,30179,29.73,29.71,29.71,29.71,29.71,0,0,0,0,0,0
2026-07-27 04:14:01,30239,29.71,29.71,29.73,29.71,29.71,0,0,0,0,0,0
2026-07-27 04:15:01,30299,29.71,29.71,29.71,29.74,29.70,0,0,0,0,0,0
2026-07-27 04:16:01,30359,29.71,29.73,29.71,29.71,29.70,0,0,0,0,0,0
2026-07-27 04:17:01,30419,29.71,29.71,29.71,29.70,29.70,0,0,0,0,0,0
2026-07-27 04:18:01,30479,29.71,29.71,29.71,29.73,29.71,0,0,0,0,0,0
2026-07-27 04:19:01,30539,29.71,29.73,29.71,29.71,29.73,0,0,0,0,0,0
2026-07-27 04:20:01,30599,29.73,29.71,29.71,29.71,29.70,0,0,0,0,0,0
2026-07-27 04:21:01,30659,29.71,29.71,29.73,29.71,29.70,0,0,0,0,0,0
2026-07-27 04:22:01,30719,29.71,29.71,29.70,29.71,29.71,0,0,0,0,0,0
2026-07-27 04:23:01,30779,29.71,29.73,29.71,29.71,29.73,0,0,0,0,0,0
2026-07-27 04:24:01,30839,29.70,29.71,29.71,29.71,29.71,0,0,0,0,0,0
2026-07-27 04:25:01,30899,29.71,29.71,29.71,29.71,29.71,0,0,0,0,0,0
2026-07-27 04:26:01,30959,29.71,29.73,29.71,29.73,29.70,0,0,0,0,0,0
2026-07-27 04:27:01,31019,29.73,29.71,29.71,29.71,29.70,0,0,0,0,0,0
2026-07-27 04:28:01,31079,29.70,29.71,29.73,29.71,29.70,0,0,0,0,0,0
2026-07-27 04:29:01,31139,29.71,29.71,29.71,29.70,29.71,0,0,0,0,0,0
2026-07-27 04:30:01,31199,29.71,29.71,29.70,29.71,29.73,0,0,0,0,0,0
2026-07-27 04:31:01,31259,29.71,29.71,29.71,29.71,29.70,0,0,0,0,0,0
2026-07-27 04:32:01,31319,29.73,29.71,29.73,29.71,29.71,0,0,0,0,0,0
2026-07-27 04:33:01,31379,29.73,29.73,29.71,29.73,29.71,0,0,0,0,0,0
2026-07-27 04:34:01,31439,29.71,29.71,29.70,29.71,29.73,0,0,0,0,0,0
2026-07-27 04:35:01,31499,29.71,29.71,29.71,29.71,29.71,0,0,0,0,0,0
2026-07-27 04:36:01,31559,29.73,29.71,29.73,29.71,29.70,0,0,0,0,0,0
2026-07-27 04:37:01,31619,29.71,29.71,29.71,29.71,29.70,0,0,0,0,0,0
2026-07-27 04:38:01,31679,29.71,29.71,29.70,29.71,29.70,0,0,0,0,0,0
2026-07-27 04:39:01,31739,29.71,29.71,29.71,29.69,29.71,0,0,0,0,0,0
2026-07-27 04:40:01,31799,29.73,29.71,29.73,29.72,29.71,0,0,0,0,0,0
2026-07-27 04:41:01,31859,29.71,29.71,29.71,29.71,29.73,0,0,0,0,0,0
2026-07-27 04:42:01,31919,29.71,29.71,29.71,29.71,29.70,0,0,0,0,0,0
2026-07-27 04:43:01,31979,29.73,29.71,29.73,29.71,29.70,0,0,0,0,0,0
2026-07-27 04:44:01,32039,29.71,29.73,29.71,29.71,29.71,0,0,0,0,0,0
2026-07-27 04:45:01,32099,29.71,29.70,29.71,29.71,29.70,0,0,0,0,0,0
2026-07-27 04:46:01,32159,29.71,29.71,29.71,29.71,29.70,0,0,0,0,0,0
2026-07-27 04:47:01,32219,29.73,29.71,29.73,29.73,29.70,0,0,0,0,0,0
2026-07-27 04:48:01,32279,29.71,29.71,29.71,29.71,29.71,0,0,0,0,0,0
2026-07-27 04:49:01,32339,29.71,29.71,29.71,29.71,29.70,0,0,0,0,0,0
2026-07-27 04:50:01,32399,29.71,29.71,29.71,29.73,29.71,0,0,0,0,0,0
2026-07-27 04:51:01,32459,29.71,29.73,29.70,29.71,29.70,0,0,0,0,0,0
2026-07-27 04:52:01,32519,29.71,29.71,29.71,29.71,29.73,0,0,0,0,0,0
2026-07-27 04:53:01,32579,29.71,29.71,29.71,29.71,29.70,0,0,0,0,0,0
2026-07-27 04:54:01,32639,29.73,29.70,29.73,29.71,29.70,0,0,0,0,0,0
2026-07-27 04:55:01,32699,29.71,29.71,29.71,29.71,29.71,0,0,0,0,0,0
2026-07-27 04:56:01,32759,29.71,29.71,29.71,29.71,29.73,0,0,0,0,0,0
2026-07-27 04:57:01,32819,29.71,29.71,29.73,29.71,29.71,0,0,0,0,0,0
2026-07-27 04:58:01,32879,29.70,29.73,29.71,29.73,29.70,0,0,0,0,0,0
2026-07-27 04:59:01,32939,29.71,29.70,29.71,29.71,29.73,0,0,0,0,0,0
2026-07-27 05:00:01,32999,29.70,29.71,29.71,29.71,29.71,0,0,0,0,0,0
2026-07-27 05:01:01,33059,29.71,29.71,29.73,29.73,29.71,0,0,0,0,0,0
2026-07-27 05:02:01,33119,29.73,29.71,29.71,29.71,29.71,0,0,0,0,0,0
2026-07-27 05:03:01,33179,29.71,29.70,29.71,29.71,29.70,0,0,0,0,0,0
2026-07-27 05:04:01,33239,29.71,29.71,29.71,29.70,29.70,0,0,0,0,0,0
2026-07-27 05:05:01,33299,29.73,29.71,29.73,29.73,29.70,0,0,0,0,0,0
2026-07-27 05:06:01,33359,29.71,29.73,29.71,29.71,29.73,0,0,0,0,0,0
2026-07-27 05:07:01,33419,29.71,29.71,29.71,29.70,29.71,0,0,0,0,0,0
2026-07-27 05:08:01,33479,29.71,29.71,29.71,29.73,29.71,0,0,0,0,0,0
2026-07-27 05:09:01,33539,29.73,29.73,29.71,29.71,29.70,0,0,0,0,0,0
2026-07-27 05:10:01,33599,29.71,29.71,29.70,29.71,29.73,0,0,0,0,0,0
2026-07-27 05:11:01,33659,29.71,29.70,29.71,29.71,29.70,0,0,0,0,0,0
2026-07-27 05:12:01,33719,29.71,29.71,29.73,29.73,29.70,0,0,0,0,0,0
2026-07-27 05:13:01,33779,29.71,29.71,29.70,29.71,29.70,0,0,0,0,0,0
2026-07-27 05:14:01,33839,29.70,29.71,29.71,29.71,29.72,0,0,0,0,0,0
2026-07-27 05:15:01,33899,29.71,29.71,29.71,29.71,29.70,0,0,0,0,0,0
2026-07-27 05:16:01,33959,29.73,29.73,29.73,29.71,29.70,0,0,0,0,0,0
2026-07-27 05:17:01,34019,29.71,29.71,29.71,29.71,29.70,0,0,0,0,0,0
2026-07-27 05:18:01,34079,29.70,29.71,29.71,29.71,29.71,0,0,0,0,0,0
2026-07-27 05:19:01,34139,29.73,29.71,29.71,29.71,29.71,0,0,0,0,0,0
2026-07-27 05:20:01,34199,29.71,29.70,29.71,29.70,29.70,0,0,0,0,0,0
2026-07-27 05:21:01,34259,29.71,29.71,29.71,29.70,29.73,0,0,0,0,0,0
2026-07-27 05:22:01,34319,29.70,29.71,29.71,29.71,29.70,0,0,0,0,0,0
2026-07-27 05:23:01,34379,29.73,29.73,29.73,29.73,29.70,0,0,0,0,0,0
2026-07-27 05:24:01,34439,29.71,29.71,29.70,29.71,29.70,0,0,0,0,0,0
2026-07-27 05:25:01,34499,29.71,29.71,29.71,29.71,29.71,0,0,0,0,0,0
2026-07-27 05:26:01,34559,29.74,29.71,29.71,29.71,29.70,0,0,0,0,0,0
2026-07-27 05:27:01,34619,29.71,29.71,29.71,29.73,29.71,0,0,0,0,0,0
2026-07-27 05:28:01,34679,29.71,29.71,29.71,29.71,29.73,0,0,0,0,0,0
2026-07-27 05:29:01,34739,29.71,29.71,29.71,29.70,29.71,0,0,0,0,0,0
2026-07-27 05:30:01,34799,29.73,29.73,29.73,29.73,29.70,0,0,0,0,0,0
2026-07-27 05:31:01,34859,29.71,29.71,29.71,29.71,29.70,0,0,0,0,0,0
2026-07-27 05:32:01,34919,29.71,29.71,29.71,29.70,29.70,0,0,0,0,0,0
2026-07-27 05:33:01,34979,29.71,29.70,29.70,29.71,29.71,0,0,0,0,0,0
2026-07-27 05:34:01,35039,29.73,29.73,29.73,29.73,29.71,0,0,0,0,0,0
2026-07-27 05:35:01,35099,29.70,29.70,29.71,29.71,29.73,0,0,0,0,0,0
2026-07-27 05:36:01,35159,29.71,29.70,29.71,29.71,29.71,0,0,0,0,0,0
2026-07-27 05:37:01,35219,29.71,29.70,29.71,29.74,29.71,0,0,0,0,0,0
2026-07-27 05:38:01,35279,29.72,29.70,29.71,29.70,29.71,0,0,0,0,0,0
2026-07-27 05:39:01,35339,29.71,29.71,29.71,29.71,29.71,0,0,0,0,0,0
2026-07-27 05:40:01,35399,29.71,29.71,29.71,29.71,29.70,0,0,0,0,0,0
2026-07-27 05:41:01,35459,29.73,29.73,29.73,29.73,29.70,0,0,0,0,0,0
2026-07-27 05:42:01,35519,29.71,29.71,29.71,29.71,29.73,0,0,0,0,0,0
2026-07-27 05:43:01,35579,29.70,29.71,29.70,29.71,29.70,0,0,0,0,0,0
2026-07-27 05:44:01,35639,29.71,29.71,29.71,29.73,29.70,0,0,0,0,0,0
2026-07-27 05:45:01,35699,29.73,29.71,29.71,29.73,29.71,0,0,0,0,0,0
2026-07-27 05:46:01,35759,29.71,29.71,29.71,29.71,29.71,0,0,0,0,0,0
2026-07-27 05:47:01,35819,29.71,29.71,29.71,29.71,29.71,0,0,0,0,0,0
2026-07-27 05:48:01,35879,29.71,29.73,29.73,29.71,29.70,0,0,0,0,0,0
2026-07-27 05:49:01,35939,29.71,29.71,29.71,29.71,29.70,0,0,0,0,0,0
2026-07-27 05:50:01,35999,29.71,29.71,29.71,29.71,29.73,0,0,0,0,0,0
2026-07-27 05:51:01,36059,29.71,29.71,29.71,29.71,29.71,0,0,0,0,0,0
2026-07-27 05:52:01,36119,29.73,29.71,29.71,29.73,29.71,0,0,0,0,0,0
2026-07-27 05:53:01,36179,29.71,29.71,29.71,29.71,29.71,0,0,0,0,0,0
2026-07-27 05:54:01,36239,29.71,29.71,29.71,29.70,29.70,0,0,0,0,0,0
2026-07-27 05:55:01,36299,29.71,29.73,29.73,29.71,29.70,0,0,0,0,0,0
2026-07-27 05:56:01,36359,29.71,29.71,29.71,29.71,29.70,0,0,0,0,0,0
2026-07-27 05:57:01,36419,29.71,29.71,29.71,29.71,29.73,0,0,0,0,0,0
2026-07-27 05:58:01,36479,29.71,29.70,29.70,29.71,29.70,0,0,0,0,0,0
2026-07-27 05:59:01,36539,29.71,29.73,29.71,29.73,29.71,0,0,0,0,0,0
2026-07-27 06:00:01,36599,29.73,29.71,29.71,29.70,29.70,0,0,0,0,0,0
2026-07-27 06:01:01,36659,29.71,29.71,29.71,29.71,29.71,0,0,0,0,0,0
2026-07-27 06:02:01,36719,29.71,29.71,29.71,29.70,29.71,0,0,0,0,0,0
2026-07-27 06:03:01,36779,29.73,29.71,29.73,29.73,29.70,0,0,0,0,0,0
2026-07-27 06:04:01,36839,29.71,29.71,29.70,29.71,29.75,0,0,0,0,0,0
2026-07-27 06:05:01,36899,29.69,29.71,29.70,29.71,29.71,0,0,0,0,0,0
2026-07-27 06:06:01,36959,29.71,29.72,29.71,29.73,29.70,0,0,0,0,0,0
2026-07-27 06:07:01,37019,29.73,29.71,29.71,29.71,29.70,0,0,0,0,0,0
2026-07-27 06:08:01,37079,29.71,29.70,29.71,29.71,29.72,0,0,0,0,0,0
2026-07-27 06:09:01,37139,29.71,29.74,29.71,29.71,29.71,0,0,0,0,0,0
2026-07-27 06:10:01,37199,29.73,29.70,29.73,29.71,29.70,0,0,0,0,0,0
2026-07-27 06:11:01,37259,29.71,29.70,29.71,29.71,29.70,0,0,0,0,0,0
2026-07-27 06:12:01,37319,29.71,29.71,29.70,29.71,29.71,0,0,0,0,0,0
2026-07-27 06:13:01,37379,29.71,29.71,29.71,29.73,29.71,0,0,0,0,0,0
2026-07-27 06:14:01,37439,29.74,29.71,29.73,29.73,29.71,0,0,0,0,0,0
2026-07-27 06:15:01,37499,29.73,29.72,29.74,29.68,29.74,0,0,0,0,0,0
2026-07-27 06:16:01,37559,29.71,29.74,29.71,29.71,29.70,0,0,0,0,0,0
2026-07-27 06:17:01,37619,29.71,29.71,29.73,29.71,29.71,0,0,0,0,0,0
2026-07-27 06:18:02,37680,29.71,29.71,29.71,29.71,29.71,0,0,0,0,0,0
2026-07-27 06:19:02,37740,29.71,29.71,29.71,29.71,29.73,0,0,0,0,0,0
2026-07-27 06:20:02,37800,29.71,29.71,29.71,29.71,29.70,0,0,0,0,0,0
2026-07-27 06:21:02,37860,29.73,29.70,29.73,29.73,29.72,0,0,0,0,0,0
2026-07-27 06:22:02,37920,29.71,29.73,29.71,29.71,29.73,0,0,0,0,0,0
2026-07-27 06:23:02,37980,29.71,29.73,29.71,29.71,29.72,0,0,0,0,0,0
2026-07-27 06:24:02,38040,29.71,29.71,29.72,29.71,29.70,0,0,0,0,0,0
2026-07-27 06:25:02,38100,29.73,29.71,29.70,29.71,29.71,0,0,0,0,0,0
2026-07-27 06:26:02,38160,29.71,29.73,29.71,29.70,29.70,0,0,0,0,0,0
2026-07-27 06:27:02,38220,29.71,29.71,29.71,29.71,29.71,0,0,0,0,0,0
2026-07-27 06:28:02,38280,29.70,29.71,29.73,29.73,29.71,0,0,0,0,0,0
2026-07-27 06:29:02,38340,29.71,29.71,29.71,29.71,29.73,0,0,0,0,0,0
2026-07-27 06:30:02,38400,29.70,29.73,29.71,29.71,29.70,0,0,0,0,0,0
2026-07-27 06:31:02,38460,29.71,29.71,29.71,29.73,29.71,0,0,0,0,0,0
2026-07-27 06:32:02,38520,29.69,29.69,29.73,29.71,29.71,0,0,0,0,0,0
2026-07-27 06:33:02,38580,29.73,29.71,29.71,29.71,29.71,0,0,0,0,0,0
2026-07-27 06:34:02,38640,29.71,29.73,29.69,29.71,29.70,0,0,0,0,0,0
2026-07-27 06:35:03,38700,29.70,29.70,29.70,29.73,29.70,0,0,0,0,0,0
2026-07-27 06:36:02,38760,29.71,29.71,29.71,29.71,29.73,0,0,0,0,0,0
2026-07-27 06:37:02,38820,29.71,29.73,29.71,29.71,29.70,0,0,0,0,0,0
2026-07-27 06:38:02,38880,29.70,29.70,29.71,29.73,29.70,0,0,0,0,0,0
2026-07-27 06:39:02,38940,29.70,29.71,29.73,29.71,29.70,0,0,0,0,0,0
2026-07-27 06:40:02,39000,29.74,29.71,29.70,29.71,29.73,0,0,0,0,0,0
2026-07-27 06:41:02,39060,29.71,29.71,29.71,29.71,29.71,0,0,0,0,0,0
2026-07-27 06:42:02,39120,29.68,29.51,29.70,29.71,29.70,0,0,0,0,0,0
2026-07-27 06:43:02,39180,29.71,29.71,29.71,29.71,29.71,0,0,0,0,0,0
2026-07-27 06:44:02,39240,29.73,29.73,29.71,29.70,29.73,0,0,0,0,0,0
2026-07-27 06:45:02,39300,29.71,29.71,29.71,29.73,29.70,0,0,0,0,0,0
2026-07-27 06:46:02,39360,29.71,29.71,29.73,29.71,29.71,0,0,0,0,0,0
2026-07-27 06:47:02,39420,29.71,29.70,29.71,29.71,29.72,0,0,0,0,0,0
2026-07-27 06:48:02,39480,29.71,29.71,29.71,29.71,29.70,0,0,0,0,0,0
2026-07-27 06:49:02,39540,29.71,29.71,29.71,29.71,29.71,0,0,0,0,0,0
2026-07-27 06:50:02,39600,29.71,29.71,29.70,29.71,29.71,0,0,0,0,0,0
2026-07-27 06:51:02,39660,29.74,29.73,29.71,29.70,29.70,0,0,0,0,0,0
2026-07-27 06:52:02,39720,29.70,29.70,29.70,29.71,29.70,0,0,0,0,0,0
2026-07-27 06:53:02,39780,29.72,29.71,29.73,29.73,29.70,0,0,0,0,0,0
2026-07-27 06:54:02,39840,29.71,29.73,29.70,29.71,29.73,0,0,0,0,0,0
2026-07-27 06:55:02,39900,29.73,29.71,29.72,29.70,29.70,0,0,0,0,0,0
2026-07-27 06:56:02,39960,29.69,29.69,29.71,29.71,29.70,0,0,0,0,0,0
2026-07-27 06:57:02,40020,29.70,29.71,29.73,29.70,29.70,0,0,0,0,0,0
2026-07-27 06:58:02,40080,29.70,29.71,29.71,29.71,29.71,0,0,0,0,0,0
2026-07-27 06:59:02,40140,29.73,29.71,29.71,29.71,29.70,0,0,0,0,0,0
2026-07-27 07:00:02,40200,29.71,29.71,29.71,29.73,29.71,0,0,0,0,0,0
2026-07-27 07:01:02,40260,29.70,29.71,29.73,29.71,29.73,0,0,0,0,0,0
2026-07-27 07:02:02,40320,29.71,29.73,29.71,29.71,29.70,0,0,0,0,0,0
2026-07-27 07:03:02,40380,29.70,29.71,29.71,29.71,29.70,0,0,0,0,0,0
2026-07-27 07:04:02,40440,29.70,29.70,29.71,29.70,29.74,0,0,0,0,0,0
2026-07-27 07:05:02,40500,29.71,29.73,29.71,29.71,29.70,0,0,0,0,0,0
2026-07-27 07:06:02,40560,29.73,29.70,29.71,29.71,29.70,0,0,0,0,0,0
2026-07-27 07:07:02,40620,29.70,29.71,29.70,29.73,29.71,0,0,0,0,0,0
2026-07-27 07:08:02,40680,29.70,29.71,29.73,29.70,29.73,0,0,0,0,0,0
2026-07-27 07:09:02,40740,29.70,29.71,29.70,29.71,29.69,0,0,0,0,0,0
2026-07-27 07:10:02,40800,29.71,29.71,29.70,29.73,29.70,0,0,0,0,0,0
2026-07-27 07:11:02,40860,29.70,29.70,29.71,29.70,29.71,0,0,0,0,0,0
2026-07-27 07:12:02,40920,29.71,29.73,29.71,29.71,29.74,0,0,0,0,0,0
2026-07-27 07:13:02,40980,29.73,29.71,29.71,29.71,29.71,0,0,0,0,0,0
2026-07-27 07:14:02,41040,29.71,29.70,29.71,29.64,29.70,0,0,0,0,0,0
2026-07-27 07:15:02,41100,29.71,29.70,29.73,29.71,29.50,0,0,0,0,0,0
2026-07-27 07:16:02,41160,29.71,29.71,29.71,29.73,29.71,0,0,0,0,0,0
2026-07-27 07:17:02,41220,29.73,29.71,29.71,29.71,29.70,0,0,0,0,0,0
2026-07-27 07:18:02,41280,29.71,29.71,29.70,29.71,29.70,0,0,0,0,0,0
2026-07-27 07:19:02,41340,29.71,29.72,29.73,29.71,29.73,0,0,0,0,0,0
2026-07-27 07:20:02,41400,29.73,29.70,29.71,29.73,29.70,0,0,0,0,0,0
2026-07-27 07:21:02,41460,29.71,29.71,29.70,29.71,29.71,0,0,0,0,0,0
2026-07-27 07:22:02,41520,29.71,29.71,29.73,29.71,29.71,0,0,0,0,0,0
2026-07-27 07:23:02,41580,29.71,29.71,29.70,29.73,29.70,0,0,0,0,0,0
2026-07-27 07:24:02,41640,29.71,29.71,29.71,29.70,29.70,0,0,0,0,0,0
2026-07-27 07:25:02,41700,29.71,29.69,29.70,29.71,29.70,0,0,0,0,0,0
2026-07-27 07:26:02,41760,29.71,29.69,29.73,29.70,29.72,0,0,0,0,0,0
2026-07-27 07:27:02,41820,29.70,29.71,29.70,29.73,29.71,0,0,0,0,0,0
2026-07-27 07:28:02,41880,29.73,29.69,29.70,29.70,29.71,0,0,0,0,0,0
2026-07-27 07:29:02,41940,29.71,29.71,29.70,29.70,29.71,0,0,0,0,0,0
2026-07-27 07:30:02,42000,29.71,29.73,29.70,29.69,29.70,0,0,0,0,0,0
2026-07-27 07:31:02,42060,29.71,29.71,29.71,29.71,29.71,0,0,0,0,0,0
2026-07-27 07:32:02,42120,29.71,29.70,29.71,29.70,29.72,0,0,0,0,0,0
2026-07-27 07:33:02,42180,29.71,29.71,29.73,29.71,29.72,0,0,0,0,0,0
2026-07-27 07:34:02,42240,29.71,29.71,29.70,29.73,29.72,0,0,0,0,0,0
2026-07-27 07:35:02,42300,29.73,29.72,29.71,29.71,29.70,0,0,0,0,0,0
2026-07-27 07:36:02,42360,29.71,29.71,29.70,29.71,29.70,0,0,0,0,0,0
2026-07-27 07:37:02,42420,29.70,29.73,29.71,29.70,29.73,0,0,0,0,0,0
2026-07-27 07:38:02,42480,29.71,29.71,29.71,29.71,29.71,0,0,0,0,0,0
2026-07-27 07:39:02,42540,29.73,29.71,29.71,29.71,29.71,0,0,0,0,0,0
2026-07-27 07:40:02,42600,29.71,29.72,29.73,29.71,29.71,0,0,0,0,0,0
2026-07-27 07:41:02,42660,29.71,29.71,29.70,29.73,29.70,0,0,0,0,0,0
2026-07-27 07:42:02,42720,29.73,29.71,29.71,29.73,29.70,0,0,0,0,0,0
2026-07-27 07:43:02,42780,29.71,29.70,29.71,29.71,29.71,0,0,0,0,0,0
2026-07-27 07:44:02,42840,29.71,29.73,29.70,29.72,29.73,0,0,0,0,0,0
2026-07-27 07:45:02,42900,29.70,29.71,29.70,29.73,29.71,0,0,0,0,0,0
2026-07-27 07:46:02,42960,29.73,29.70,29.71,29.70,29.71,0,0,0,0,0,0
2026-07-27 07:47:02,43020,29.71,29.73,29.73,29.71,29.70,0,0,0,0,0,0
2026-07-27 07:48:02,43080,29.71,29.70,29.70,29.71,29.73,0,0,0,0,0,0
2026-07-27 07:49:02,43140,29.73,29.71,29.71,29.71,29.72,0,0,0,0,0,0
